key,label,definitionUuid,catalogCategory,catalogPath,effectiveCategory,effectivePath,source,targets,stages,secondaryCategories,review
router,Router,sgrape.builtin.router,data,data,data,data,editor,"top,mat","vertex,pixel",,
math,Math,sgrape.builtin.math,math,math,uncategorized,uncategorized,editor,"top,mat","vertex,pixel",,catalog/UI category differs; unclassified built-in
switch,Switch,sgrape.builtin.switch,logic,logic,uncategorized,uncategorized,editor,"top,mat","vertex,pixel",,catalog/UI category differs; unclassified built-in
scalar,Scalar,sgrape.builtin.scalar,data,data,data,data,editor,"top,mat","vertex,pixel",,
convert,Convert,sgrape.builtin.convert,data,data,data,data,editor,"top,mat","vertex,pixel",,
matrix_convert,Matrix Convert,sgrape.builtin.matrix_convert,matrix,matrix,matrix,matrix,editor,"top,mat","vertex,pixel",,
compare,Compare,sgrape.builtin.compare,logic,logic,logic,logic,editor,"top,mat","vertex,pixel",,
if,If,sgrape.builtin.if,logic,logic,logic,logic,editor,"top,mat","vertex,pixel",,
comment,Note,sgrape.builtin.comment,data,data,data,data,editor,"top,mat","vertex,pixel",,
generated_glsl,Generated GLSL,sgrape.builtin.generated_glsl,data,data,uncategorized,uncategorized,editor,"top,mat","vertex,pixel",,catalog/UI category differs; unclassified built-in
float,Float,sgrape.builtin.float,data,data,data,data,editor,"top,mat","vertex,pixel",,
vec2,Vector 2 · Constant,sgrape.builtin.vec2,data,data,data,data,editor,"top,mat","vertex,pixel",,
vec3,Vector 3 · Constant,sgrape.builtin.vec3,data,data,data,data,editor,"top,mat","vertex,pixel",,
color,Color RGBA,sgrape.builtin.color,color,color,color,color,editor,"top,mat","vertex,pixel",,
add,Add,sgrape.builtin.add,math,math/arithmetic,math,math/arithmetic,glsl,"top,mat","vertex,pixel",,
multiply,Multiply,sgrape.builtin.multiply,math,math/arithmetic,math,math/arithmetic,glsl,"top,mat","vertex,pixel",,
mix,Mix,sgrape.builtin.mix,math,math/interpolation,math,math/interpolation,glsl,"top,mat","vertex,pixel",,
sin,Sine,sgrape.builtin.sin,math,math/trigonometry,math,math/trigonometry,glsl,"top,mat","vertex,pixel",,
subtract,Subtract,sgrape.builtin.subtract,math,math/arithmetic,math,math/arithmetic,glsl,"top,mat","vertex,pixel",,
divide,Divide,sgrape.builtin.divide,math,math/arithmetic,math,math/arithmetic,glsl,"top,mat","vertex,pixel",,
min,Minimum,sgrape.builtin.min,math,math/range,math,math/range,glsl,"top,mat","vertex,pixel",,
max,Maximum,sgrape.builtin.max,math,math/range,math,math/range,glsl,"top,mat","vertex,pixel",,
clamp,Clamp,sgrape.builtin.clamp,math,math/range,math,math/range,glsl,"top,mat","vertex,pixel",,
smoothstep,Smoothstep,sgrape.builtin.smoothstep,math,math/interpolation,math,math/interpolation,glsl,"top,mat","vertex,pixel",,
abs,Absolute,sgrape.builtin.abs,math,math/arithmetic,math,math/arithmetic,glsl,"top,mat","vertex,pixel",,
fract,Fraction,sgrape.builtin.fract,math,math/range,math,math/range,glsl,"top,mat","vertex,pixel",,
pow,Power,sgrape.builtin.pow,math,math/exponential,math,math/exponential,glsl,"top,mat","vertex,pixel",,
cos,Cosine,sgrape.builtin.cos,math,math/trigonometry,math,math/trigonometry,glsl,"top,mat","vertex,pixel",,
dot,Dot Product,sgrape.builtin.dot,vector,vector,vector,vector,glsl,"top,mat","vertex,pixel",,
length,Length,sgrape.builtin.length,vector,vector,vector,vector,glsl,"top,mat","vertex,pixel",,
normalize,Normalize,sgrape.builtin.normalize,vector,vector,vector,vector,glsl,"top,mat","vertex,pixel",,
rgba,Compose RGBA,sgrape.builtin.rgba,data,data,data,data,editor,"top,mat","vertex,pixel",color,
split,Split RGBA,sgrape.builtin.split,data,data,data,data,editor,"top,mat","vertex,pixel",color,
uniform,Uniform,sgrape.builtin.uniform,shader,shader,shader,shader,editor,"top,mat","vertex,pixel",,
uv,Texture Coordinates,sgrape.builtin.uv,coordinate,coordinate,coordinate,coordinate,td,"top,mat",pixel,,
texture,Texture 2D,sgrape.builtin.texture,texture,texture,texture,texture,glsl,"top,mat",pixel,,
position,TD Position,sgrape.builtin.position,shader,shader,shader,shader,td,"top,mat",vertex,,
deform,TD Deform,sgrape.builtin.deform,coordinate,coordinate,coordinate,coordinate,td,"top,mat",vertex,,
to_clip,World to Projection,sgrape.builtin.to_clip,coordinate,coordinate,coordinate,coordinate,td,"top,mat",vertex,,
vertex_out,Vertex Output,sgrape.builtin.vertex_out,shader,shader,shader,shader,td,"top,mat",vertex,,
pixel_out,Color Output,sgrape.builtin.pixel_out,shader,shader,shader,shader,td,"top,mat",pixel,,
sampler,Sampler 2D,sgrape.builtin.sampler,texture,texture,texture,texture,glsl,"top,mat",pixel,,
texture_sample,Texture 2D,sgrape.builtin.texture_sample,texture,texture,texture,texture,glsl,"top,mat",pixel,,
constant,Constant,sgrape.builtin.constant,,,uncategorized,uncategorized,editor,"top,mat","vertex,pixel",,catalog/UI category differs; unclassified built-in
top_input,TOP Input,sgrape.builtin.top_input,,,uncategorized,uncategorized,editor,"top,mat",pixel,,catalog/UI category differs; unclassified built-in
glsl_code,GLSL Code,sgrape.builtin.glsl_code,shader,shader,shader,shader,editor,"top,mat","vertex,pixel",,
vec4,Vector 4 · Constant,sgrape.builtin.vec4,data,data,data,data,editor,"top,mat","vertex,pixel",,
combine,Combine,sgrape.builtin.combine,vector,vector,vector,vector,glsl,"top,mat","vertex,pixel",data,
vector_split,Split,sgrape.builtin.vector_split,vector,vector,vector,vector,glsl,"top,mat","vertex,pixel",data,
swizzle,Swizzle,sgrape.builtin.swizzle,vector,vector,vector,vector,glsl,"top,mat","vertex,pixel",data,
vector,Vector,sgrape.builtin.vector,vector,vector,vector,vector,glsl,"top,mat","vertex,pixel",data,
replace,Replace,sgrape.builtin.replace,vector,vector,vector,vector,glsl,"top,mat","vertex,pixel",data,
spec_constant,Spec Constant,sgrape.builtin.spec_constant,,,shader,shader,td,"top,mat","vertex,pixel",,catalog/UI category differs
sign,Sign,sgrape.builtin.sign,math,math/arithmetic,math,math/arithmetic,glsl,"top,mat","vertex,pixel",,
sqrt,Sqrt,sgrape.builtin.sqrt,math,math/exponential,math,math/exponential,glsl,"top,mat","vertex,pixel",,
floor,Floor,sgrape.builtin.floor,math,math/range,math,math/range,glsl,"top,mat","vertex,pixel",,
round,Round,sgrape.builtin.round,math,math/range,math,math/range,glsl,"top,mat","vertex,pixel",,
ceil,Ceil,sgrape.builtin.ceil,math,math/range,math,math/range,glsl,"top,mat","vertex,pixel",,
trunc,Truncate,sgrape.builtin.trunc,math,math/range,math,math/range,glsl,"top,mat","vertex,pixel",,
mod,Modulo,sgrape.builtin.mod,math,math/range,math,math/range,glsl,"top,mat","vertex,pixel",,
rgb_to_hsv,RGB to HSV,sgrape.builtin.rgb_to_hsv,color,color,color,color,td,"top,mat","vertex,pixel",,
hsv_to_rgb,HSV to RGB,sgrape.builtin.hsv_to_rgb,color,color,color,color,td,"top,mat","vertex,pixel",,
remap,Remap,sgrape.builtin.remap,math,math/range,math,math/range,td,"top,mat","vertex,pixel",,
range_from,Range From,sgrape.builtin.range_from,math,math/range,math,math/range,editor,"top,mat","vertex,pixel",,
range_to,Range To,sgrape.builtin.range_to,math,math/range,math,math/range,editor,"top,mat","vertex,pixel",,
loop,Loop,sgrape.builtin.loop,math,math/range,math,math/range,td,"top,mat","vertex,pixel",,
zigzag,Zigzag,sgrape.builtin.zigzag,math,math/range,math,math/range,td,"top,mat","vertex,pixel",,
perlin_noise,Perlin Noise,sgrape.builtin.perlin_noise,math,math,math,math,td,"top,mat","vertex,pixel",texture,
simplex_noise,Simplex Noise,sgrape.builtin.simplex_noise,math,math,math,math,td,"top,mat","vertex,pixel",texture,
matrix,Matrix,sgrape.builtin.matrix,matrix,matrix,matrix,matrix,editor,"top,mat","vertex,pixel",,
matrix_combine,Matrix Combine,sgrape.builtin.matrix_combine,matrix,matrix,matrix,matrix,editor,"top,mat","vertex,pixel",,
matrix_replace,Matrix Replace,sgrape.builtin.matrix_replace,matrix,matrix,matrix,matrix,editor,"top,mat","vertex,pixel",,
matrix_split,Matrix Split,sgrape.builtin.matrix_split,matrix,matrix,matrix,matrix,editor,"top,mat","vertex,pixel",,
matrix_get,Matrix Get,sgrape.builtin.matrix_get,matrix,matrix,matrix,matrix,editor,"top,mat","vertex,pixel",,
matrix_set,Matrix Set,sgrape.builtin.matrix_set,matrix,matrix,matrix,matrix,editor,"top,mat","vertex,pixel",,
transpose,Transpose,sgrape.builtin.transpose,matrix,matrix,matrix,matrix,editor,"top,mat","vertex,pixel",,
inverse,Inverse,sgrape.builtin.inverse,matrix,matrix,matrix,matrix,editor,"top,mat","vertex,pixel",,
determinant,Determinant,sgrape.builtin.determinant,matrix,matrix,matrix,matrix,editor,"top,mat","vertex,pixel",,
matrix_comp_mult,Matrix Component Multiply,sgrape.builtin.matrix_comp_mult,matrix,matrix,matrix,matrix,editor,"top,mat","vertex,pixel",,
outer_product,Outer Product,sgrape.builtin.outer_product,matrix,matrix,matrix,matrix,editor,"top,mat","vertex,pixel",,
array,Array,sgrape.builtin.array,array,array,data,data,editor,"top,mat","vertex,pixel",,catalog/UI category differs
array_get,Array[i],sgrape.builtin.array_get,array,array,data,data,editor,"top,mat","vertex,pixel",,catalog/UI category differs
array_replace,Array Replace,sgrape.builtin.array_replace,array,array,data,data,editor,"top,mat","vertex,pixel",,catalog/UI category differs
array_length,Array Length,sgrape.builtin.array_length,array,array,data,data,editor,"top,mat","vertex,pixel",,catalog/UI category differs
struct_field,Field,sgrape.builtin.struct_field,array,array,data,data,editor,"top,mat","vertex,pixel",,catalog/UI category differs
builtin_source,Built-in Source,sgrape.builtin.builtin_source,array,array,data,data,td,"top,mat","vertex,pixel",,catalog/UI category differs
array_create,Array Create,sgrape.builtin.array_create,array,array,data,data,editor,"top,mat","vertex,pixel",,catalog/UI category differs
buffer_fetch,Buffer Fetch,sgrape.builtin.buffer_fetch,texture,texture/buffer,texture,texture/buffer,glsl,"top,mat","vertex,pixel",,
buffer_length,Buffer Length,sgrape.builtin.buffer_length,texture,texture/buffer,texture,texture/buffer,glsl,"top,mat","vertex,pixel",,
pop_buffer,POP Buffer,sgrape.builtin.pop_buffer,shader,shader/buffers,shader,shader/buffers,touchdesigner,"top,mat","vertex,pixel",,source token needs review
attribute,Attribute,sgrape.builtin.attribute,shader,shader/geometry,uncategorized,uncategorized,editor,"top,mat",vertex,,catalog/UI category differs; unclassified built-in
struct_create,Structure,sgrape.builtin.struct_create,data,data,data,data,editor,"top,mat","vertex,pixel",,
radians,radians,sgrape.builtin.radians,math,math,math,math,glsl,"top,mat","vertex,pixel",,
degrees,degrees,sgrape.builtin.degrees,math,math,math,math,glsl,"top,mat","vertex,pixel",,
tan,tan,sgrape.builtin.tan,math,math,math,math,glsl,"top,mat","vertex,pixel",,
asin,asin,sgrape.builtin.asin,math,math,math,math,glsl,"top,mat","vertex,pixel",,
acos,acos,sgrape.builtin.acos,math,math,math,math,glsl,"top,mat","vertex,pixel",,
atan,atan,sgrape.builtin.atan,math,math,math,math,glsl,"top,mat","vertex,pixel",,
sinh,sinh,sgrape.builtin.sinh,math,math,math,math,glsl,"top,mat","vertex,pixel",,
cosh,cosh,sgrape.builtin.cosh,math,math,math,math,glsl,"top,mat","vertex,pixel",,
tanh,tanh,sgrape.builtin.tanh,math,math,math,math,glsl,"top,mat","vertex,pixel",,
asinh,asinh,sgrape.builtin.asinh,math,math,math,math,glsl,"top,mat","vertex,pixel",,
acosh,acosh,sgrape.builtin.acosh,math,math,math,math,glsl,"top,mat","vertex,pixel",,
atanh,atanh,sgrape.builtin.atanh,math,math,math,math,glsl,"top,mat","vertex,pixel",,
atan2,"atan (y, x)",sgrape.builtin.atan2,math,math,math,math,glsl,"top,mat","vertex,pixel",,
exp,exp,sgrape.builtin.exp,math,math,math,math,glsl,"top,mat","vertex,pixel",,
log,log,sgrape.builtin.log,math,math,math,math,glsl,"top,mat","vertex,pixel",,
exp2,exp2,sgrape.builtin.exp2,math,math,math,math,glsl,"top,mat","vertex,pixel",,
log2,log2,sgrape.builtin.log2,math,math,math,math,glsl,"top,mat","vertex,pixel",,
inversesqrt,inversesqrt,sgrape.builtin.inversesqrt,math,math,math,math,glsl,"top,mat","vertex,pixel",,
round_even,roundEven,sgrape.builtin.round_even,math,math,math,math,glsl,"top,mat","vertex,pixel",,
step,step,sgrape.builtin.step,math,math,math,math,glsl,"top,mat","vertex,pixel",,
isnan,isnan,sgrape.builtin.isnan,math,math,math,math,glsl,"top,mat","vertex,pixel",,
isinf,isinf,sgrape.builtin.isinf,math,math,math,math,glsl,"top,mat","vertex,pixel",,
fma,fma,sgrape.builtin.fma,math,math,math,math,glsl,"top,mat","vertex,pixel",,
modf,modf,sgrape.builtin.modf,math,math,math,math,glsl,"top,mat","vertex,pixel",,
frexp,frexp,sgrape.builtin.frexp,math,math,math,math,glsl,"top,mat","vertex,pixel",,
ldexp,ldexp,sgrape.builtin.ldexp,math,math,math,math,glsl,"top,mat","vertex,pixel",,
mix_boolean,Boolean Mix,sgrape.builtin.mix_boolean,math,math,math,math,glsl,"top,mat","vertex,pixel",,
mix_components,Component Mix,sgrape.builtin.mix_components,math,math,math,math,glsl,"top,mat","vertex,pixel",,
step_scalar,Scalar Edge Step,sgrape.builtin.step_scalar,math,math,math,math,glsl,"top,mat","vertex,pixel",,
bit_and,Bit And,sgrape.builtin.bit_and,math,math,math,math,glsl,"top,mat","vertex,pixel",,
bit_or,Bit Or,sgrape.builtin.bit_or,math,math,math,math,glsl,"top,mat","vertex,pixel",,
bit_xor,Bit Xor,sgrape.builtin.bit_xor,math,math,math,math,glsl,"top,mat","vertex,pixel",,
bit_not,Bit Not,sgrape.builtin.bit_not,math,math,math,math,glsl,"top,mat","vertex,pixel",,
shift_left,Shift Left,sgrape.builtin.shift_left,math,math,math,math,glsl,"top,mat","vertex,pixel",,
shift_right,Shift Right,sgrape.builtin.shift_right,math,math,math,math,glsl,"top,mat","vertex,pixel",,
remainder,Remainder,sgrape.builtin.remainder,math,math,math,math,glsl,"top,mat","vertex,pixel",,
boolean_and,Boolean And,sgrape.builtin.boolean_and,math,math,math,math,glsl,"top,mat","vertex,pixel",,
boolean_or,Boolean Or,sgrape.builtin.boolean_or,math,math,math,math,glsl,"top,mat","vertex,pixel",,
boolean_xor,Boolean Xor,sgrape.builtin.boolean_xor,math,math,math,math,glsl,"top,mat","vertex,pixel",,
boolean_not,Boolean Not,sgrape.builtin.boolean_not,math,math,math,math,glsl,"top,mat","vertex,pixel",,
floatBitsToInt,floatBitsToInt,sgrape.builtin.floatBitsToInt,math,math,math,math,glsl,"top,mat","vertex,pixel",,
floatBitsToUint,floatBitsToUint,sgrape.builtin.floatBitsToUint,math,math,math,math,glsl,"top,mat","vertex,pixel",,
intBitsToFloat,intBitsToFloat,sgrape.builtin.intBitsToFloat,math,math,math,math,glsl,"top,mat","vertex,pixel",,
uintBitsToFloat,uintBitsToFloat,sgrape.builtin.uintBitsToFloat,math,math,math,math,glsl,"top,mat","vertex,pixel",,
packUnorm2x16,packUnorm2x16,sgrape.builtin.packUnorm2x16,math,math,math,math,glsl,"top,mat","vertex,pixel",,
packSnorm2x16,packSnorm2x16,sgrape.builtin.packSnorm2x16,math,math,math,math,glsl,"top,mat","vertex,pixel",,
packHalf2x16,packHalf2x16,sgrape.builtin.packHalf2x16,math,math,math,math,glsl,"top,mat","vertex,pixel",,
packUnorm4x8,packUnorm4x8,sgrape.builtin.packUnorm4x8,math,math,math,math,glsl,"top,mat","vertex,pixel",,
packSnorm4x8,packSnorm4x8,sgrape.builtin.packSnorm4x8,math,math,math,math,glsl,"top,mat","vertex,pixel",,
unpackUnorm2x16,unpackUnorm2x16,sgrape.builtin.unpackUnorm2x16,math,math,math,math,glsl,"top,mat","vertex,pixel",,
unpackSnorm2x16,unpackSnorm2x16,sgrape.builtin.unpackSnorm2x16,math,math,math,math,glsl,"top,mat","vertex,pixel",,
unpackHalf2x16,unpackHalf2x16,sgrape.builtin.unpackHalf2x16,math,math,math,math,glsl,"top,mat","vertex,pixel",,
unpackUnorm4x8,unpackUnorm4x8,sgrape.builtin.unpackUnorm4x8,math,math,math,math,glsl,"top,mat","vertex,pixel",,
unpackSnorm4x8,unpackSnorm4x8,sgrape.builtin.unpackSnorm4x8,math,math,math,math,glsl,"top,mat","vertex,pixel",,
packDouble2x32,packDouble2x32,sgrape.builtin.packDouble2x32,math,math,math,math,glsl,"top,mat","vertex,pixel",,
unpackDouble2x32,unpackDouble2x32,sgrape.builtin.unpackDouble2x32,math,math,math,math,glsl,"top,mat","vertex,pixel",,
distance,distance,sgrape.builtin.distance,math,math,math,math,glsl,"top,mat","vertex,pixel",,
cross,cross,sgrape.builtin.cross,math,math,math,math,glsl,"top,mat","vertex,pixel",,
faceforward,faceforward,sgrape.builtin.faceforward,math,math,math,math,glsl,"top,mat","vertex,pixel",,
reflect,reflect,sgrape.builtin.reflect,math,math,math,math,glsl,"top,mat","vertex,pixel",,
refract,refract,sgrape.builtin.refract,math,math,math,math,glsl,"top,mat","vertex,pixel",,
lessThan,lessThan,sgrape.builtin.lessThan,logic,logic,logic,logic,glsl,"top,mat","vertex,pixel",,
lessThanEqual,lessThanEqual,sgrape.builtin.lessThanEqual,logic,logic,logic,logic,glsl,"top,mat","vertex,pixel",,
greaterThan,greaterThan,sgrape.builtin.greaterThan,logic,logic,logic,logic,glsl,"top,mat","vertex,pixel",,
greaterThanEqual,greaterThanEqual,sgrape.builtin.greaterThanEqual,logic,logic,logic,logic,glsl,"top,mat","vertex,pixel",,
equal,equal,sgrape.builtin.equal,logic,logic,logic,logic,glsl,"top,mat","vertex,pixel",,
notEqual,notEqual,sgrape.builtin.notEqual,logic,logic,logic,logic,glsl,"top,mat","vertex,pixel",,
any,any,sgrape.builtin.any,logic,logic,logic,logic,glsl,"top,mat","vertex,pixel",,
all,all,sgrape.builtin.all,logic,logic,logic,logic,glsl,"top,mat","vertex,pixel",,
not,not,sgrape.builtin.not,logic,logic,logic,logic,glsl,"top,mat","vertex,pixel",,
bitfieldReverse,bitfieldReverse,sgrape.builtin.bitfieldReverse,math,math,math,math,glsl,"top,mat","vertex,pixel",,
bitCount,bitCount,sgrape.builtin.bitCount,math,math,math,math,glsl,"top,mat","vertex,pixel",,
findLSB,findLSB,sgrape.builtin.findLSB,math,math,math,math,glsl,"top,mat","vertex,pixel",,
findMSB,findMSB,sgrape.builtin.findMSB,math,math,math,math,glsl,"top,mat","vertex,pixel",,
bitfieldExtract,bitfieldExtract,sgrape.builtin.bitfieldExtract,math,math,math,math,glsl,"top,mat","vertex,pixel",,
bitfieldInsert,bitfieldInsert,sgrape.builtin.bitfieldInsert,math,math,math,math,glsl,"top,mat","vertex,pixel",,
uaddCarry,uaddCarry,sgrape.builtin.uaddCarry,math,math,math,math,glsl,"top,mat","vertex,pixel",,
usubBorrow,usubBorrow,sgrape.builtin.usubBorrow,math,math,math,math,glsl,"top,mat","vertex,pixel",,
umulExtended,umulExtended,sgrape.builtin.umulExtended,math,math,math,math,glsl,"top,mat","vertex,pixel",,
imulExtended,imulExtended,sgrape.builtin.imulExtended,math,math,math,math,glsl,"top,mat","vertex,pixel",,
dFdx,dFdx,sgrape.builtin.dFdx,math,math,math,math,glsl,"top,mat",pixel,,
dFdy,dFdy,sgrape.builtin.dFdy,math,math,math,math,glsl,"top,mat",pixel,,
fwidth,fwidth,sgrape.builtin.fwidth,math,math,math,math,glsl,"top,mat",pixel,,
dFdxFine,dFdxFine,sgrape.builtin.dFdxFine,math,math,math,math,glsl,"top,mat",pixel,,
dFdyFine,dFdyFine,sgrape.builtin.dFdyFine,math,math,math,math,glsl,"top,mat",pixel,,
fwidthFine,fwidthFine,sgrape.builtin.fwidthFine,math,math,math,math,glsl,"top,mat",pixel,,
dFdxCoarse,dFdxCoarse,sgrape.builtin.dFdxCoarse,math,math,math,math,glsl,"top,mat",pixel,,
dFdyCoarse,dFdyCoarse,sgrape.builtin.dFdyCoarse,math,math,math,math,glsl,"top,mat",pixel,,
fwidthCoarse,fwidthCoarse,sgrape.builtin.fwidthCoarse,math,math,math,math,glsl,"top,mat",pixel,,
td_average,TDAverage,sgrape.builtin.td_average,math,math,math,math,td,"top,mat","vertex,pixel",,
td_rotate_to_vector,TDRotateToVector,sgrape.builtin.td_rotate_to_vector,matrix,matrix,matrix,matrix,td,"top,mat","vertex,pixel",,
td_rotate_on_axis,TDRotateOnAxis,sgrape.builtin.td_rotate_on_axis,matrix,matrix,matrix,matrix,td,"top,mat","vertex,pixel",,
td_rotate_x,TDRotateX,sgrape.builtin.td_rotate_x,matrix,matrix,matrix,matrix,td,"top,mat","vertex,pixel",,
td_rotate_y,TDRotateY,sgrape.builtin.td_rotate_y,matrix,matrix,matrix,matrix,td,"top,mat","vertex,pixel",,
td_rotate_z,TDRotateZ,sgrape.builtin.td_rotate_z,matrix,matrix,matrix,matrix,td,"top,mat","vertex,pixel",,
td_scale,TDScale,sgrape.builtin.td_scale,matrix,matrix,matrix,matrix,td,"top,mat","vertex,pixel",,
td_translate,TDTranslate,sgrape.builtin.td_translate,matrix,matrix,matrix,matrix,td,"top,mat","vertex,pixel",,
td_create_rot_matrix,TDCreateRotMatrix,sgrape.builtin.td_create_rot_matrix,matrix,matrix,matrix,matrix,td,"top,mat","vertex,pixel",,
td_create_tbn_matrix,TDCreateTBNMatrix,sgrape.builtin.td_create_tbn_matrix,matrix,matrix,matrix,matrix,td,"top,mat","vertex,pixel",,
td_fade,TDFade,sgrape.builtin.td_fade,math,math,math,math,td,"top,mat","vertex,pixel",,
td_fade_deriv,TDFadeDeriv,sgrape.builtin.td_fade_deriv,math,math,math,math,td,"top,mat","vertex,pixel",,
td_sine_lookup,TDSineLookup,sgrape.builtin.td_sine_lookup,math,math,math,math,td,"top,mat","vertex,pixel",,
td_perlin_noise_deriv,TDPerlinNoiseDeriv,sgrape.builtin.td_perlin_noise_deriv,math,math,math,math,td,"top,mat","vertex,pixel",,
td_perlin_noise_deriv_noise,TDPerlinNoiseDeriv,sgrape.builtin.td_perlin_noise_deriv_noise,math,math,math,math,td,"top,mat","vertex,pixel",,
td_simplex_noise_deriv,TDSimplexNoiseDeriv,sgrape.builtin.td_simplex_noise_deriv,math,math,math,math,td,"top,mat","vertex,pixel",,
td_simplex_noise_deriv_noise,TDSimplexNoiseDeriv,sgrape.builtin.td_simplex_noise_deriv_noise,math,math,math,math,td,"top,mat","vertex,pixel",,
td_luminance,TDLuminance,sgrape.builtin.td_luminance,color,color,color,color,td,"top,mat","vertex,pixel",,
td_gamut_rec709torec2020,TDGamutRec709ToRec2020,sgrape.builtin.td_gamut_rec709torec2020,color,color,color,color,td,mat,pixel,,
td_gamut_rec2020torec709,TDGamutRec2020ToRec709,sgrape.builtin.td_gamut_rec2020torec709,color,color,color,color,td,mat,pixel,,
td_transfer_lineartosrgb,TDTransferLinearToSRGB,sgrape.builtin.td_transfer_lineartosrgb,color,color,color,color,td,mat,pixel,,
td_transfer_srgbtolinear,TDTransferSRGBToLinear,sgrape.builtin.td_transfer_srgbtolinear,color,color,color,color,td,mat,pixel,,
td_transfer_lineartorec709,TDTransferLinearToRec709,sgrape.builtin.td_transfer_lineartorec709,color,color,color,color,td,mat,pixel,,
td_transfer_rec709tolinear,TDTransferRec709ToLinear,sgrape.builtin.td_transfer_rec709tolinear,color,color,color,color,td,mat,pixel,,
td_transfer_lineartogamma1_8,TDTransferLinearToGamma1_8,sgrape.builtin.td_transfer_lineartogamma1_8,color,color,color,color,td,mat,pixel,,
td_transfer_gamma1_8tolinear,TDTransferGamma1_8ToLinear,sgrape.builtin.td_transfer_gamma1_8tolinear,color,color,color,color,td,mat,pixel,,
td_transfer_lineartogamma2_2,TDTransferLinearToGamma2_2,sgrape.builtin.td_transfer_lineartogamma2_2,color,color,color,color,td,mat,pixel,,
td_transfer_gamma2_2tolinear,TDTransferGamma2_2ToLinear,sgrape.builtin.td_transfer_gamma2_2tolinear,color,color,color,color,td,mat,pixel,,
td_transfer_lineartogamma2_4,TDTransferLinearToGamma2_4,sgrape.builtin.td_transfer_lineartogamma2_4,color,color,color,color,td,mat,pixel,,
td_transfer_gamma2_4tolinear,TDTransferGamma2_4ToLinear,sgrape.builtin.td_transfer_gamma2_4tolinear,color,color,color,color,td,mat,pixel,,
td_transfer_lineartogamma2_6,TDTransferLinearToGamma2_6,sgrape.builtin.td_transfer_lineartogamma2_6,color,color,color,color,td,mat,pixel,,
td_transfer_gamma2_6tolinear,TDTransferGamma2_6ToLinear,sgrape.builtin.td_transfer_gamma2_6tolinear,color,color,color,color,td,mat,pixel,,
td_transfer_lineartogamma2_8,TDTransferLinearToGamma2_8,sgrape.builtin.td_transfer_lineartogamma2_8,color,color,color,color,td,mat,pixel,,
td_transfer_gamma2_8tolinear,TDTransferGamma2_8ToLinear,sgrape.builtin.td_transfer_gamma2_8tolinear,color,color,color,color,td,mat,pixel,,
td_transfer_lineartoacesproxy,TDTransferLinearToACESproxy,sgrape.builtin.td_transfer_lineartoacesproxy,color,color,color,color,td,mat,pixel,,
td_transfer_acesproxytolinear,TDTransferACESproxyToLinear,sgrape.builtin.td_transfer_acesproxytolinear,color,color,color,color,td,mat,pixel,,
td_transfer_lineartost2084pq,TDTransferLinearToST2084PQ,sgrape.builtin.td_transfer_lineartost2084pq,color,color,color,color,td,mat,pixel,,
td_transfer_st2084pqtolinear,TDTransferST2084PQToLinear,sgrape.builtin.td_transfer_st2084pqtolinear,color,color,color,color,td,mat,pixel,,
td_transfer_lineartobt2100hlg,TDTransferLinearToBT2100HLG,sgrape.builtin.td_transfer_lineartobt2100hlg,color,color,color,color,td,mat,pixel,,
td_transfer_bt2100hlgtolinear,TDTransferBT2100HLGToLinear,sgrape.builtin.td_transfer_bt2100hlgtolinear,color,color,color,color,td,mat,pixel,,
td_triplanar_blend,TDTriplanarBlend,sgrape.builtin.td_triplanar_blend,math,math,math,math,td,"top,mat","vertex,pixel",,
td_bicubic,TDBicubicInterpolation · sampler2D,sgrape.builtin.td_bicubic,math,math,math,math,td,"top,mat","vertex,pixel",,
td_bicubic_size,TDBicubicInterpolation · sampler2D · Size,sgrape.builtin.td_bicubic_size,math,math,math,math,td,"top,mat","vertex,pixel",,
td_tricubic,TDTricubicInterpolation · sampler3D,sgrape.builtin.td_tricubic,math,math,math,math,td,"top,mat","vertex,pixel",,
td_tricubic_size,TDTricubicInterpolation · sampler3D · Size,sgrape.builtin.td_tricubic_size,math,math,math,math,td,"top,mat","vertex,pixel",,
td_texgen_sphere,TDTexGenSphere,sgrape.builtin.td_texgen_sphere,math,math,math,math,td,"top,mat","vertex,pixel",,
td_equirectangular_to_cube,TDEquirectangularToCubeMap,sgrape.builtin.td_equirectangular_to_cube,math,math,math,math,td,"top,mat","vertex,pixel",,
td_cube_to_equirectangular,TDCubeMapToEquirectangular,sgrape.builtin.td_cube_to_equirectangular,math,math,math,math,td,"top,mat","vertex,pixel",,
td_deform_normal,TDDeformNorm,sgrape.builtin.td_deform_normal,math,math,math,math,td,mat,vertex,,
td_deform_vector,TDDeformVec,sgrape.builtin.td_deform_vector,math,math,math,math,td,mat,vertex,,
td_skinned_deform,TDSkinnedDeform,sgrape.builtin.td_skinned_deform,math,math,math,math,td,mat,vertex,,
td_skinned_vector,TDSkinnedDeformVec,sgrape.builtin.td_skinned_vector,math,math,math,math,td,mat,vertex,,
td_instance_deform,TDInstanceDeform,sgrape.builtin.td_instance_deform,math,math,math,math,td,mat,vertex,,
td_instance_vector,TDInstanceDeformVec,sgrape.builtin.td_instance_vector,math,math,math,math,td,mat,vertex,,
td_deform_instance,TDDeform · Instance,sgrape.builtin.td_deform_instance,math,math,math,math,td,mat,vertex,,
td_deform_normal_instance,TDDeformNorm · Instance,sgrape.builtin.td_deform_normal_instance,math,math,math,math,td,mat,vertex,,
td_deform_vector_instance,TDDeformVec · Instance,sgrape.builtin.td_deform_vector_instance,math,math,math,math,td,mat,vertex,,
td_instance_texcoord,TDInstanceTexCoord,sgrape.builtin.td_instance_texcoord,math,math,math,math,td,mat,vertex,,
td_quad_reproject,TDQuadReproject,sgrape.builtin.td_quad_reproject,math,math,math,math,td,mat,vertex,,
td_world_to_proj_uv,TDWorldToProj,sgrape.builtin.td_world_to_proj_uv,math,math,math,math,td,mat,vertex,,
td_front_facing,TDFrontFacing,sgrape.builtin.td_front_facing,math,math,math,math,td,mat,pixel,,
td_pixel_color,TDPixelColor,sgrape.builtin.td_pixel_color,math,math,math,math,td,mat,pixel,,
td_fog,TDFog,sgrape.builtin.td_fog,math,math,math,math,td,mat,pixel,,
td_hardshadow,TDHardShadow,sgrape.builtin.td_hardshadow,math,math,math,math,td,mat,pixel,,
td_softshadow,TDSoftShadow,sgrape.builtin.td_softshadow,math,math,math,math,td,mat,pixel,,
td_projmap,TDProjMap,sgrape.builtin.td_projmap,math,math,math,math,td,mat,pixel,,
td_compareshadowtexture,TDCompareShadowTexture,sgrape.builtin.td_compareshadowtexture,math,math,math,math,td,mat,pixel,,
td_compareshadowtextureproj,TDCompareShadowTextureProj,sgrape.builtin.td_compareshadowtextureproj,math,math,math,math,td,mat,pixel,,
td_shadowtexture,TDShadowTexture,sgrape.builtin.td_shadowtexture,math,math,math,math,td,mat,pixel,,
td_shadowtextureproj,TDShadowTextureProj,sgrape.builtin.td_shadowtextureproj,math,math,math,math,td,mat,pixel,,
td_projtexture,TDProjTexture,sgrape.builtin.td_projtexture,math,math,math,math,td,mat,pixel,,
td_projtextureproj,TDProjTextureProj,sgrape.builtin.td_projtextureproj,math,math,math,math,td,mat,pixel,,
td_conelookup,TDConeLookup,sgrape.builtin.td_conelookup,math,math,math,math,td,mat,pixel,,
td_env_light_texture,TDEnvLightTextureLod,sgrape.builtin.td_env_light_texture,math,math,math,math,td,mat,pixel,,
td_attenuate_light,TDAttenuateLight,sgrape.builtin.td_attenuate_light,math,math,math,math,td,mat,pixel,,
td_instance_color,TDInstanceColor,sgrape.builtin.td_instance_color,math,math,math,math,td,mat,vertex,,
td_instance_texture,TDInstanceTexture,sgrape.builtin.td_instance_texture,math,math,math,math,td,mat,"vertex,pixel",,
texture_size_1d,textureSize · sampler1D,sgrape.builtin.texture_size_1d,math,math,math,math,glsl,"top,mat","vertex,pixel",,
texture_levels_1d,textureQueryLevels · sampler1D,sgrape.builtin.texture_levels_1d,math,math,math,math,glsl,"top,mat","vertex,pixel",,
texture_sample_1d,texture · sampler1D,sgrape.builtin.texture_sample_1d,math,math,math,math,glsl,"top,mat","vertex,pixel",,
texture_lod_1d,textureLod · sampler1D,sgrape.builtin.texture_lod_1d,math,math,math,math,glsl,"top,mat","vertex,pixel",,
texture_bias_1d,texture · sampler1D · Bias,sgrape.builtin.texture_bias_1d,math,math,math,math,glsl,"top,mat",pixel,,
texture_grad_1d,textureGrad · sampler1D,sgrape.builtin.texture_grad_1d,math,math,math,math,glsl,"top,mat","vertex,pixel",,
texel_fetch_1d,texelFetch · sampler1D,sgrape.builtin.texel_fetch_1d,math,math,math,math,glsl,"top,mat","vertex,pixel",,
texture_proj_1d,textureProj · sampler1D,sgrape.builtin.texture_proj_1d,math,math,math,math,glsl,"top,mat","vertex,pixel",,
texture_query_lod_1d,textureQueryLod · sampler1D,sgrape.builtin.texture_query_lod_1d,math,math,math,math,glsl,"top,mat",pixel,,
texture_offset_1d,textureOffset · sampler1D,sgrape.builtin.texture_offset_1d,math,math,math,math,glsl,"top,mat","vertex,pixel",,
texture_lod_offset_1d,textureLodOffset · sampler1D,sgrape.builtin.texture_lod_offset_1d,math,math,math,math,glsl,"top,mat","vertex,pixel",,
texture_grad_offset_1d,textureGradOffset · sampler1D,sgrape.builtin.texture_grad_offset_1d,math,math,math,math,glsl,"top,mat","vertex,pixel",,
texel_fetch_offset_1d,texelFetchOffset · sampler1D,sgrape.builtin.texel_fetch_offset_1d,math,math,math,math,glsl,"top,mat","vertex,pixel",,
texture_proj_lod_1d,textureProjLod · sampler1D,sgrape.builtin.texture_proj_lod_1d,math,math,math,math,glsl,"top,mat","vertex,pixel",,
texture_proj_grad_1d,textureProjGrad · sampler1D,sgrape.builtin.texture_proj_grad_1d,math,math,math,math,glsl,"top,mat","vertex,pixel",,
texture_size_2d,textureSize · sampler2D,sgrape.builtin.texture_size_2d,math,math,math,math,glsl,"top,mat","vertex,pixel",,
texture_levels_2d,textureQueryLevels · sampler2D,sgrape.builtin.texture_levels_2d,math,math,math,math,glsl,"top,mat","vertex,pixel",,
texture_sample_2d,texture · sampler2D,sgrape.builtin.texture_sample_2d,math,math,math,math,glsl,"top,mat","vertex,pixel",,
texture_lod_2d,textureLod · sampler2D,sgrape.builtin.texture_lod_2d,math,math,math,math,glsl,"top,mat","vertex,pixel",,
texture_bias_2d,texture · sampler2D · Bias,sgrape.builtin.texture_bias_2d,math,math,math,math,glsl,"top,mat",pixel,,
texture_grad_2d,textureGrad · sampler2D,sgrape.builtin.texture_grad_2d,math,math,math,math,glsl,"top,mat","vertex,pixel",,
texel_fetch_2d,texelFetch · sampler2D,sgrape.builtin.texel_fetch_2d,math,math,math,math,glsl,"top,mat","vertex,pixel",,
texture_proj_2d,textureProj · sampler2D,sgrape.builtin.texture_proj_2d,math,math,math,math,glsl,"top,mat","vertex,pixel",,
texture_query_lod_2d,textureQueryLod · sampler2D,sgrape.builtin.texture_query_lod_2d,math,math,math,math,glsl,"top,mat",pixel,,
texture_gather_2d,textureGather · sampler2D,sgrape.builtin.texture_gather_2d,math,math,math,math,glsl,"top,mat","vertex,pixel",,
texture_offset_2d,textureOffset · sampler2D,sgrape.builtin.texture_offset_2d,math,math,math,math,glsl,"top,mat","vertex,pixel",,
texture_lod_offset_2d,textureLodOffset · sampler2D,sgrape.builtin.texture_lod_offset_2d,math,math,math,math,glsl,"top,mat","vertex,pixel",,
texture_grad_offset_2d,textureGradOffset · sampler2D,sgrape.builtin.texture_grad_offset_2d,math,math,math,math,glsl,"top,mat","vertex,pixel",,
texel_fetch_offset_2d,texelFetchOffset · sampler2D,sgrape.builtin.texel_fetch_offset_2d,math,math,math,math,glsl,"top,mat","vertex,pixel",,
texture_proj_lod_2d,textureProjLod · sampler2D,sgrape.builtin.texture_proj_lod_2d,math,math,math,math,glsl,"top,mat","vertex,pixel",,
texture_proj_grad_2d,textureProjGrad · sampler2D,sgrape.builtin.texture_proj_grad_2d,math,math,math,math,glsl,"top,mat","vertex,pixel",,
texture_size_3d,textureSize · sampler3D,sgrape.builtin.texture_size_3d,math,math,math,math,glsl,"top,mat","vertex,pixel",,
texture_levels_3d,textureQueryLevels · sampler3D,sgrape.builtin.texture_levels_3d,math,math,math,math,glsl,"top,mat","vertex,pixel",,
texture_sample_3d,texture · sampler3D,sgrape.builtin.texture_sample_3d,math,math,math,math,glsl,"top,mat","vertex,pixel",,
texture_lod_3d,textureLod · sampler3D,sgrape.builtin.texture_lod_3d,math,math,math,math,glsl,"top,mat","vertex,pixel",,
texture_bias_3d,texture · sampler3D · Bias,sgrape.builtin.texture_bias_3d,math,math,math,math,glsl,"top,mat",pixel,,
texture_grad_3d,textureGrad · sampler3D,sgrape.builtin.texture_grad_3d,math,math,math,math,glsl,"top,mat","vertex,pixel",,
texel_fetch_3d,texelFetch · sampler3D,sgrape.builtin.texel_fetch_3d,math,math,math,math,glsl,"top,mat","vertex,pixel",,
texture_proj_3d,textureProj · sampler3D,sgrape.builtin.texture_proj_3d,math,math,math,math,glsl,"top,mat","vertex,pixel",,
texture_query_lod_3d,textureQueryLod · sampler3D,sgrape.builtin.texture_query_lod_3d,math,math,math,math,glsl,"top,mat",pixel,,
texture_offset_3d,textureOffset · sampler3D,sgrape.builtin.texture_offset_3d,math,math,math,math,glsl,"top,mat","vertex,pixel",,
texture_lod_offset_3d,textureLodOffset · sampler3D,sgrape.builtin.texture_lod_offset_3d,math,math,math,math,glsl,"top,mat","vertex,pixel",,
texture_grad_offset_3d,textureGradOffset · sampler3D,sgrape.builtin.texture_grad_offset_3d,math,math,math,math,glsl,"top,mat","vertex,pixel",,
texel_fetch_offset_3d,texelFetchOffset · sampler3D,sgrape.builtin.texel_fetch_offset_3d,math,math,math,math,glsl,"top,mat","vertex,pixel",,
texture_proj_lod_3d,textureProjLod · sampler3D,sgrape.builtin.texture_proj_lod_3d,math,math,math,math,glsl,"top,mat","vertex,pixel",,
texture_proj_grad_3d,textureProjGrad · sampler3D,sgrape.builtin.texture_proj_grad_3d,math,math,math,math,glsl,"top,mat","vertex,pixel",,
texture_size_2darray,textureSize · sampler2DArray,sgrape.builtin.texture_size_2darray,math,math,math,math,glsl,"top,mat","vertex,pixel",,
texture_levels_2darray,textureQueryLevels · sampler2DArray,sgrape.builtin.texture_levels_2darray,math,math,math,math,glsl,"top,mat","vertex,pixel",,
texture_sample_2darray,texture · sampler2DArray,sgrape.builtin.texture_sample_2darray,math,math,math,math,glsl,"top,mat","vertex,pixel",,
texture_lod_2darray,textureLod · sampler2DArray,sgrape.builtin.texture_lod_2darray,math,math,math,math,glsl,"top,mat","vertex,pixel",,
texture_bias_2darray,texture · sampler2DArray · Bias,sgrape.builtin.texture_bias_2darray,math,math,math,math,glsl,"top,mat",pixel,,
texture_grad_2darray,textureGrad · sampler2DArray,sgrape.builtin.texture_grad_2darray,math,math,math,math,glsl,"top,mat","vertex,pixel",,
texel_fetch_2darray,texelFetch · sampler2DArray,sgrape.builtin.texel_fetch_2darray,math,math,math,math,glsl,"top,mat","vertex,pixel",,
texture_query_lod_2darray,textureQueryLod · sampler2DArray,sgrape.builtin.texture_query_lod_2darray,math,math,math,math,glsl,"top,mat",pixel,,
texture_gather_2darray,textureGather · sampler2DArray,sgrape.builtin.texture_gather_2darray,math,math,math,math,glsl,"top,mat","vertex,pixel",,
texture_offset_2darray,textureOffset · sampler2DArray,sgrape.builtin.texture_offset_2darray,math,math,math,math,glsl,"top,mat","vertex,pixel",,
texture_lod_offset_2darray,textureLodOffset · sampler2DArray,sgrape.builtin.texture_lod_offset_2darray,math,math,math,math,glsl,"top,mat","vertex,pixel",,
texture_grad_offset_2darray,textureGradOffset · sampler2DArray,sgrape.builtin.texture_grad_offset_2darray,math,math,math,math,glsl,"top,mat","vertex,pixel",,
texel_fetch_offset_2darray,texelFetchOffset · sampler2DArray,sgrape.builtin.texel_fetch_offset_2darray,math,math,math,math,glsl,"top,mat","vertex,pixel",,
texture_size_cube,textureSize · samplerCube,sgrape.builtin.texture_size_cube,math,math,math,math,glsl,"top,mat","vertex,pixel",,
texture_levels_cube,textureQueryLevels · samplerCube,sgrape.builtin.texture_levels_cube,math,math,math,math,glsl,"top,mat","vertex,pixel",,
texture_sample_cube,texture · samplerCube,sgrape.builtin.texture_sample_cube,math,math,math,math,glsl,"top,mat","vertex,pixel",,
texture_lod_cube,textureLod · samplerCube,sgrape.builtin.texture_lod_cube,math,math,math,math,glsl,"top,mat","vertex,pixel",,
texture_bias_cube,texture · samplerCube · Bias,sgrape.builtin.texture_bias_cube,math,math,math,math,glsl,"top,mat",pixel,,
texture_grad_cube,textureGrad · samplerCube,sgrape.builtin.texture_grad_cube,math,math,math,math,glsl,"top,mat","vertex,pixel",,
texture_query_lod_cube,textureQueryLod · samplerCube,sgrape.builtin.texture_query_lod_cube,math,math,math,math,glsl,"top,mat",pixel,,
texture_gather_cube,textureGather · samplerCube,sgrape.builtin.texture_gather_cube,math,math,math,math,glsl,"top,mat","vertex,pixel",,
texture_size_buffer,textureSize · samplerBuffer,sgrape.builtin.texture_size_buffer,math,math,math,math,glsl,"top,mat","vertex,pixel",,
td_lighting,TDLighting,sgrape.builtin.td_lighting,math,math,math,math,td,mat,pixel,,
td_lighting_pbr,TDLightingPBR,sgrape.builtin.td_lighting_pbr,math,math,math,math,td,mat,pixel,,
td_env_lighting_pbr,TDEnvLightingPBR,sgrape.builtin.td_env_lighting_pbr,math,math,math,math,td,mat,pixel,,
material_phong,Phong Material,sgrape.builtin.material_phong,math,math,math,math,td,mat,pixel,,
material_pbr,PBR Material,sgrape.builtin.material_pbr,math,math,math,math,td,mat,pixel,,
vertex_input,Vertex Inputs,sgrape.builtin.vertex_input,coordinate,coordinate,coordinate,coordinate,editor,mat,pixel,,
td_lighting_all,Phong Lights,sgrape.builtin.td_lighting_all,math,math,math,math,td,mat,pixel,,
td_lighting_pbr_all,PBR Lights,sgrape.builtin.td_lighting_pbr_all,math,math,math,math,td,mat,pixel,,
td_env_lighting_pbr_all,PBR Environment Lights,sgrape.builtin.td_env_lighting_pbr_all,math,math,math,math,td,mat,pixel,,
tex_attribute,Texture Attribute,sgrape.builtin.tex_attribute,shader,shader/geometry,shader,shader/geometry,td,mat,vertex,,
td_instance_texcoord_current,TDInstanceTexCoord (Current),sgrape.builtin.td_instance_texcoord_current,shader,shader/geometry,shader,shader/geometry,td,mat,vertex,,
td_instance_color_current,TDInstanceColor (Current),sgrape.builtin.td_instance_color_current,shader,shader/geometry,shader,shader/geometry,td,mat,vertex,,
td_instance_color_pixel,TDInstanceColor (Pixel),sgrape.builtin.td_instance_color_pixel,shader,shader/output,shader,shader/output,td,mat,pixel,,
td_convert_color_space,TDConvertColorSpace,sgrape.builtin.td_convert_color_space,shader,shader/output,shader,shader/output,td,mat,pixel,,
td_projtexture_lod,TDProjTextureLod,sgrape.builtin.td_projtexture_lod,texture,texture,texture,texture,td,mat,pixel,,
td_projtexture_size,TDProjTextureSize,sgrape.builtin.td_projtexture_size,texture,texture,texture,texture,td,mat,pixel,,
