id,group,td_name,common_name,python,glsl,type,scope,kind,status,note,evidence,evidence_urls
S001,01 時間與日期｜Common Sources 候選,absTime.seconds,Absolute Time,absTime.seconds,,float,TOP／MAT，CPU → Uniform,來源,已有預置,秒；TD 全域播放時間，會隨 Power／root timeline 暫停。不是電腦開機時間或牆鐘。,A P,https://docs.derivative.ca/AbsTime_Class ; ../../src/core/sgrape_sources.py
S002,01 時間與日期｜Common Sources 候選,absTime.frame,Absolute Frame,absTime.frame,,float,TOP／MAT，CPU → Uniform,來源,已有預置,原生 float；是時間幀數，不是每個 Shader 真正完成的渲染次數。,A P,https://docs.derivative.ca/AbsTime_Class ; ../../src/core/sgrape_sources.py
S003,01 時間與日期｜Common Sources 候選,absTime.stepSeconds,Delta Time,absTime.stepSeconds,,float,TOP／MAT，CPU → Uniform,來源,待擴充,TD 前後全域 frame 起點的秒差；應標註時鐘，不能保證等於此 TOP 兩次 cook 間隔。,A P,https://docs.derivative.ca/AbsTime_Class ; ../../src/core/sgrape_sources.py
S004,01 時間與日期｜Common Sources 候選,absTime.step,Frame Step,absTime.step,,float,TOP／MAT，CPU → Uniform,來源,待擴充,TD 全域時間前進的幀數，可能大於 1；不是 FPS。,A P,https://docs.derivative.ca/AbsTime_Class ; ../../src/core/sgrape_sources.py
S005,01 時間與日期｜Common Sources 候選,me.time.seconds,Timeline Time,me.time.seconds,,float,TOP／MAT，CPU → Uniform,來源,已有預置,當前 OP 所屬時間軸；保留循環、跳轉、暫停語意。,TC OP P,https://derivative.ca/UserGuide/TimeCOMP_Class ; https://derivative.ca/UserGuide/OP_Class ; ../../src/core/sgrape_sources.py
S006,01 時間與日期｜Common Sources 候選,me.time.frame,Timeline Frame,me.time.frame,,float,TOP／MAT，CPU → Uniform,來源,已有預置,原生 float，不能未經決定就轉為零起算整數渲染計數。,TC OP P,https://derivative.ca/UserGuide/TimeCOMP_Class ; https://derivative.ca/UserGuide/OP_Class ; ../../src/core/sgrape_sources.py
S007,01 時間與日期｜Common Sources 候選,me.time.rate,Timeline Rate,me.time.rate,,float,TOP／MAT，CPU → Uniform,來源,待擴充,時間軸設定速率，不代表實際顯示 FPS。,TC OP P,https://derivative.ca/UserGuide/TimeCOMP_Class ; https://derivative.ca/UserGuide/OP_Class ; ../../src/core/sgrape_sources.py
S008,01 時間與日期｜Common Sources 候選,me.time.play,Timeline Playing,me.time.play,,bool,TOP／MAT，CPU → Uniform,來源,待擴充,播放狀態；不是 Shader 正在 cook 的證據。,TC OP P,https://derivative.ca/UserGuide/TimeCOMP_Class ; https://derivative.ca/UserGuide/OP_Class ; ../../src/core/sgrape_sources.py
S009,01 時間與日期｜Common Sources 候選,me.time.fraction,,me.time.fraction,,float,TOP／MAT，CPU → Uniform,來源,待擴充,TD 定義 frame/end；不冒充 (frame-start)/(end-start) 的一般進度。,TC OP P,https://derivative.ca/UserGuide/TimeCOMP_Class ; https://derivative.ca/UserGuide/OP_Class ; ../../src/core/sgrape_sources.py
S010,01 時間與日期｜Common Sources 候選,me.time.start,Timeline Start,me.time.start,,float,TOP／MAT，CPU → Uniform,來源,待擴充,主範圍起點，單位幀。,TC OP P,https://derivative.ca/UserGuide/TimeCOMP_Class ; https://derivative.ca/UserGuide/OP_Class ; ../../src/core/sgrape_sources.py
S011,01 時間與日期｜Common Sources 候選,me.time.end,Timeline End,me.time.end,,float,TOP／MAT，CPU → Uniform,來源,待擴充,主範圍終點，單位幀。,TC OP P,https://derivative.ca/UserGuide/TimeCOMP_Class ; https://derivative.ca/UserGuide/OP_Class ; ../../src/core/sgrape_sources.py
S012,01 時間與日期｜Common Sources 候選,me.time.rangeStart,Playback Range Start,me.time.rangeStart,,float,TOP／MAT，CPU → Uniform,來源,待擴充,子播放範圍起點，單位幀。,TC OP P,https://derivative.ca/UserGuide/TimeCOMP_Class ; https://derivative.ca/UserGuide/OP_Class ; ../../src/core/sgrape_sources.py
S013,01 時間與日期｜Common Sources 候選,me.time.rangeEnd,Playback Range End,me.time.rangeEnd,,float,TOP／MAT，CPU → Uniform,來源,待擴充,子播放範圍終點，單位幀。,TC OP P,https://derivative.ca/UserGuide/TimeCOMP_Class ; https://derivative.ca/UserGuide/OP_Class ; ../../src/core/sgrape_sources.py
S014,01 時間與日期｜Common Sources 候選,me.time.loop,Timeline Looping,me.time.loop,,bool,TOP／MAT，CPU → Uniform,來源,待擴充,所屬時間軸是否循環。,TC OP P,https://derivative.ca/UserGuide/TimeCOMP_Class ; https://derivative.ca/UserGuide/OP_Class ; ../../src/core/sgrape_sources.py
S015,01 時間與日期｜Common Sources 候選,me.time.independent,,me.time.independent,,float（文件型別）,TOP／MAT，CPU → Uniform,來源,待擴充,時間軸是否獨立；保留 TD 屬性名，實作時再核對值型別，不由名稱推成 bool。,TC OP P,https://derivative.ca/UserGuide/TimeCOMP_Class ; https://derivative.ca/UserGuide/OP_Class ; ../../src/core/sgrape_sources.py
S016,01 時間與日期｜Common Sources 候選,me.time.tempo,Tempo,me.time.tempo,,float,TOP／MAT，CPU → Uniform,來源,待擴充,每分鐘拍數；僅為節拍設定，不代表已有連續 Beat Phase 來源。,TC OP P,https://derivative.ca/UserGuide/TimeCOMP_Class ; https://derivative.ca/UserGuide/OP_Class ; ../../src/core/sgrape_sources.py
S017,01 時間與日期｜Common Sources 候選,me.time.signature1,Time Signature Numerator,me.time.signature1,,int,TOP／MAT，CPU → Uniform,來源,待擴充,拍號第一數。,TC OP P,https://derivative.ca/UserGuide/TimeCOMP_Class ; https://derivative.ca/UserGuide/OP_Class ; ../../src/core/sgrape_sources.py
S018,01 時間與日期｜Common Sources 候選,me.time.signature2,Time Signature Denominator,me.time.signature2,,int,TOP／MAT，CPU → Uniform,來源,待擴充,拍號第二數。,TC OP P,https://derivative.ca/UserGuide/TimeCOMP_Class ; https://derivative.ca/UserGuide/OP_Class ; ../../src/core/sgrape_sources.py
S019,01 時間與日期｜Common Sources 候選,me.time.timecode,,me.time.timecode,,str,CPU／UI,UI 資訊,待擴充,可作 UI 資訊；不是可直接送入 GLSL 的數值來源。,TC OP P,https://derivative.ca/UserGuide/TimeCOMP_Class ; https://derivative.ca/UserGuide/OP_Class ; ../../src/core/sgrape_sources.py
S020,01 時間與日期｜Common Sources 候選,project.cookRate,Project Rate,project.cookRate,,float,CPU → Uniform,來源,待擴充,專案設定 cook rate，不是實測 FPS，也不同於所有 local timeline 的 rate。,FR,https://docs.derivative.ca/Frame_Rate
S021,01 時間與日期｜Common Sources 候選,op('<clock>')['msec'].eval(),Millisecond,op('<clock>')['msec'].eval(),,float,TOP／MAT，CPU → Uniform,來源,原生可用；來源設定待定,0–999，限 Units 模式。 <clock> 必須由已選定的 Clock CHOP 取代，非內建固定路徑。,C,https://derivative.ca/UserGuide/Clock_CHOP
S022,01 時間與日期｜Common Sources 候選,op('<clock>')['sec'].eval(),Second,op('<clock>')['sec'].eval(),,float,TOP／MAT，CPU → Uniform,來源,原生可用；來源設定待定,秒分量，限 Units 模式。 <clock> 必須由已選定的 Clock CHOP 取代，非內建固定路徑。,C,https://derivative.ca/UserGuide/Clock_CHOP
S023,01 時間與日期｜Common Sources 候選,op('<clock>')['min'].eval(),Minute,op('<clock>')['min'].eval(),,float,TOP／MAT，CPU → Uniform,來源,原生可用；來源設定待定,分鐘分量，限 Units 模式。 <clock> 必須由已選定的 Clock CHOP 取代，非內建固定路徑。,C,https://derivative.ca/UserGuide/Clock_CHOP
S024,01 時間與日期｜Common Sources 候選,op('<clock>')['hour'].eval(),Hour,op('<clock>')['hour'].eval(),,float,TOP／MAT，CPU → Uniform,來源,原生可用；來源設定待定,必須選定 12／24 小時制與 Hour Adjust。 <clock> 必須由已選定的 Clock CHOP 取代，非內建固定路徑。,C,https://derivative.ca/UserGuide/Clock_CHOP
S025,01 時間與日期｜Common Sources 候選,op('<clock>')['ampm'].eval(),AM/PM,op('<clock>')['ampm'].eval(),,float,TOP／MAT，CPU → Uniform,來源,原生可用；來源設定待定,0／1；僅在有意義的時制下顯示。 <clock> 必須由已選定的 Clock CHOP 取代，非內建固定路徑。,C,https://derivative.ca/UserGuide/Clock_CHOP
S026,01 時間與日期｜Common Sources 候選,op('<clock>')['wday'].eval(),Day of Week,op('<clock>')['wday'].eval(),,float,TOP／MAT，CPU → Uniform,來源,原生可用；來源設定待定,TD Units 模式以 Monday=0；跨宿主需保持約定。 <clock> 必須由已選定的 Clock CHOP 取代，非內建固定路徑。,C,https://derivative.ca/UserGuide/Clock_CHOP
S027,01 時間與日期｜Common Sources 候選,op('<clock>')['day'].eval(),Day of Month,op('<clock>')['day'].eval(),,float,TOP／MAT，CPU → Uniform,來源,原生可用；來源設定待定,日序，Units 模式。 <clock> 必須由已選定的 Clock CHOP 取代，非內建固定路徑。,C,https://derivative.ca/UserGuide/Clock_CHOP
S028,01 時間與日期｜Common Sources 候選,op('<clock>')['yday'].eval(),Day of Year,op('<clock>')['yday'].eval(),,float,TOP／MAT，CPU → Uniform,來源,原生可用；來源設定待定,TD 由 0 起算。 <clock> 必須由已選定的 Clock CHOP 取代，非內建固定路徑。,C,https://derivative.ca/UserGuide/Clock_CHOP
S029,01 時間與日期｜Common Sources 候選,op('<clock>')['week'].eval(),Week,op('<clock>')['week'].eval(),,float,TOP／MAT，CPU → Uniform,來源,原生可用；來源設定待定,TD 的週序規則，不默認為 ISO week。 <clock> 必須由已選定的 Clock CHOP 取代，非內建固定路徑。,C,https://derivative.ca/UserGuide/Clock_CHOP
S030,01 時間與日期｜Common Sources 候選,op('<clock>')['month'].eval(),Month,op('<clock>')['month'].eval(),,float,TOP／MAT，CPU → Uniform,來源,原生可用；來源設定待定,Units 模式 1–12。 <clock> 必須由已選定的 Clock CHOP 取代，非內建固定路徑。,C,https://derivative.ca/UserGuide/Clock_CHOP
S031,01 時間與日期｜Common Sources 候選,op('<clock>')['year'].eval(),,op('<clock>')['year'].eval(),,float,TOP／MAT，CPU → Uniform,來源,原生可用；來源設定待定,相對 Start Reference；預設不是完整西元年，不能直接當 ISF DATE.x。 <clock> 必須由已選定的 Clock CHOP 取代，非內建固定路徑。,C,https://derivative.ca/UserGuide/Clock_CHOP
S032,01 時間與日期｜Common Sources 候選,op('<clock>')['moonphase'].eval(),Moon Phase,op('<clock>')['moonphase'].eval(),,float,TOP／MAT，CPU → Uniform,來源,原生可用；來源設定待定,0–1；0/1 新月，0.5 滿月。 <clock> 必須由已選定的 Clock CHOP 取代，非內建固定路徑。,C,https://derivative.ca/UserGuide/Clock_CHOP
S033,01 時間與日期｜Common Sources 候選,op('<clock>')['sunphase'].eval(),Sun Phase,op('<clock>')['sunphase'].eval(),,float,TOP／MAT，CPU → Uniform,來源,原生可用；來源設定待定,日出為 0、日落為 1，之後下降至下一次日出的 0。 <clock> 必須由已選定的 Clock CHOP 取代，非內建固定路徑。,C,https://derivative.ca/UserGuide/Clock_CHOP
S034,01 時間與日期｜Common Sources 候選,op('<clock>')['sunrise'].eval(),Sunrise,op('<clock>')['sunrise'].eval(),,float,TOP／MAT，CPU → Uniform,來源,原生可用；來源設定待定,0–1 日內時間；依地理位置與設定。 <clock> 必須由已選定的 Clock CHOP 取代，非內建固定路徑。,C,https://derivative.ca/UserGuide/Clock_CHOP
S035,01 時間與日期｜Common Sources 候選,op('<clock>')['sunset'].eval(),Sunset,op('<clock>')['sunset'].eval(),,float,TOP／MAT，CPU → Uniform,來源,原生可用；來源設定待定,0–1 日內時間；依地理位置與設定。 <clock> 必須由已選定的 Clock CHOP 取代，非內建固定路徑。,C,https://derivative.ca/UserGuide/Clock_CHOP
S036,01 時間與日期｜Common Sources 候選,op('<clock>')['declination'].eval(),Solar Declination,op('<clock>')['declination'].eval(),,float,TOP／MAT，CPU → Uniform,來源,原生可用；來源設定待定,太陽赤緯；文件以角度表示。 <clock> 必須由已選定的 Clock CHOP 取代，非內建固定路徑。,C,https://derivative.ca/UserGuide/Clock_CHOP
S037,01 時間與日期｜Common Sources 候選,op('<feedback>')['dt'].eval(),,op('<feedback>')['dt'].eval(),,float,CPU → Uniform,來源,原生可用；非預置,該 Feedback CHOP 兩次 cook 的秒差；沒有單一共通 Delta Time 語意，不為取得它而自動建立 Feedback 網路。,F,https://docs.derivative.ca/Feedback_CHOP
S038,01 時間與日期｜Common Sources 候選,System Time／Date（來源待選）,System Time,,,待定,CPU → Uniform,待決概念,未定案,概念已提出，精確 TD Python 主標題尚不能填；輸出格式、時區、時鐘與組合方式待決。不是原生自動 GLSL Uniform。,C A I,https://derivative.ca/UserGuide/Clock_CHOP ; https://docs.derivative.ca/AbsTime_Class ; https://github.com/mrRay/ISF_Spec
S039,02 TOP 紋理與資訊｜Texture Inputs／TD Built-ins,sTD2DInputs[],Texture Inputs,,sTD2DInputs,sampler2D[],TOP P／C,來源,已有 2D 來源／陣列入口,按維度分組；i 是該維度中的索引，不是原始 connector 索引。無 Python 等價主標題。,T R,https://derivative.ca/UserGuide/Write_a_GLSL_TOP ; ../../src/core/sgrape_composites.py
S040,02 TOP 紋理與資訊｜Texture Inputs／TD Built-ins,uTD2DInfos[],,,uTD2DInfos,TDTexInfo[],TOP P／C,來源,已有陣列入口,TD 定義的資訊陣列；可用說明文字，不將打包結構偽裝為跨平台通用型別。,T R,https://derivative.ca/UserGuide/Write_a_GLSL_TOP ; ../../src/core/sgrape_composites.py
S041,02 TOP 紋理與資訊｜Texture Inputs／TD Built-ins,TD_NUM_2D_INPUTS,Texture Input Count,,TD_NUM_2D_INPUTS,編譯期整數,TOP P／C,來源,長度契約已用；無獨立入口,依該維度輸入數量由 TD 編譯環境提供；不是 Uniform。,T R,https://derivative.ca/UserGuide/Write_a_GLSL_TOP ; ../../src/core/sgrape_composites.py
S042,02 TOP 紋理與資訊｜Texture Inputs／TD Built-ins,sTD3DInputs[],3D Texture Inputs,,sTD3DInputs,sampler3D[],TOP P／C,來源,待擴充,按維度分組；i 是該維度中的索引，不是原始 connector 索引。無 Python 等價主標題。,T R,https://derivative.ca/UserGuide/Write_a_GLSL_TOP ; ../../src/core/sgrape_composites.py
S043,02 TOP 紋理與資訊｜Texture Inputs／TD Built-ins,uTD3DInfos[],,,uTD3DInfos,TDTexInfo[],TOP P／C,來源,待擴充,TD 定義的資訊陣列；可用說明文字，不將打包結構偽裝為跨平台通用型別。,T R,https://derivative.ca/UserGuide/Write_a_GLSL_TOP ; ../../src/core/sgrape_composites.py
S044,02 TOP 紋理與資訊｜Texture Inputs／TD Built-ins,TD_NUM_3D_INPUTS,3D Input Count,,TD_NUM_3D_INPUTS,編譯期整數,TOP P／C,來源,待擴充,依該維度輸入數量由 TD 編譯環境提供；不是 Uniform。,T R,https://derivative.ca/UserGuide/Write_a_GLSL_TOP ; ../../src/core/sgrape_composites.py
S045,02 TOP 紋理與資訊｜Texture Inputs／TD Built-ins,sTD2DArrayInputs[],Texture Array Inputs,,sTD2DArrayInputs,sampler2DArray[],TOP P／C,來源,待擴充,按維度分組；i 是該維度中的索引，不是原始 connector 索引。無 Python 等價主標題。,T R,https://derivative.ca/UserGuide/Write_a_GLSL_TOP ; ../../src/core/sgrape_composites.py
S046,02 TOP 紋理與資訊｜Texture Inputs／TD Built-ins,uTD2DArrayInfos[],,,uTD2DArrayInfos,TDTexInfo[],TOP P／C,來源,待擴充,TD 定義的資訊陣列；可用說明文字，不將打包結構偽裝為跨平台通用型別。,T R,https://derivative.ca/UserGuide/Write_a_GLSL_TOP ; ../../src/core/sgrape_composites.py
S047,02 TOP 紋理與資訊｜Texture Inputs／TD Built-ins,TD_NUM_2D_ARRAY_INPUTS,Texture Array Input Count,,TD_NUM_2D_ARRAY_INPUTS,編譯期整數,TOP P／C,來源,待擴充,依該維度輸入數量由 TD 編譯環境提供；不是 Uniform。,T R,https://derivative.ca/UserGuide/Write_a_GLSL_TOP ; ../../src/core/sgrape_composites.py
S048,02 TOP 紋理與資訊｜Texture Inputs／TD Built-ins,sTDCubeInputs[],Cubemap Inputs,,sTDCubeInputs,samplerCube[],TOP P／C,來源,待擴充,按維度分組；i 是該維度中的索引，不是原始 connector 索引。無 Python 等價主標題。,T R,https://derivative.ca/UserGuide/Write_a_GLSL_TOP ; ../../src/core/sgrape_composites.py
S049,02 TOP 紋理與資訊｜Texture Inputs／TD Built-ins,uTDCubeInfos[],,,uTDCubeInfos,TDTexInfo[],TOP P／C,來源,待擴充,TD 定義的資訊陣列；可用說明文字，不將打包結構偽裝為跨平台通用型別。,T R,https://derivative.ca/UserGuide/Write_a_GLSL_TOP ; ../../src/core/sgrape_composites.py
S050,02 TOP 紋理與資訊｜Texture Inputs／TD Built-ins,TD_NUM_CUBE_INPUTS,Cubemap Input Count,,TD_NUM_CUBE_INPUTS,編譯期整數,TOP P／C,來源,待擴充,依該維度輸入數量由 TD 編譯環境提供；不是 Uniform。,T R,https://derivative.ca/UserGuide/Write_a_GLSL_TOP ; ../../src/core/sgrape_composites.py
S051,02 TOP 紋理與資訊｜Texture Inputs／TD Built-ins,uTDOutputInfo,,,uTDOutputInfo,TDTexInfo,TOP P／C,來源,待擴充,輸出目標資訊，與輸入來源不同。,T,https://derivative.ca/UserGuide/Write_a_GLSL_TOP
S052,02 TOP 紋理與資訊｜Texture Inputs／TD Built-ins,uTDOutputInfo.res.zw,Output Resolution,,uTDOutputInfo.res.zw,vec2,TOP P／C,來源,待擴充,像素寬高；可由原生欄位取得，不要求建立額外 Uniform。,T N,https://derivative.ca/UserGuide/Write_a_GLSL_TOP ; ../../src/core/sgrape_core.py
S053,02 TOP 紋理與資訊｜Texture Inputs／TD Built-ins,uTDOutputInfo.res.xy,Output Pixel Size,,uTDOutputInfo.res.xy,vec2,TOP P／C,來源,待擴充,1/width、1/height；指 UV 中一個 texel 的步長，不是像素長寬。,T N,https://derivative.ca/UserGuide/Write_a_GLSL_TOP ; ../../src/core/sgrape_core.py
S054,02 TOP 紋理與資訊｜Texture Inputs／TD Built-ins,uTD2DInfos[i].res.zw,Input Resolution,,uTD2DInfos[i].res.zw,vec2,TOP P／C,來源,TOP Input 有便利輸出,像素寬高；可由原生欄位取得，不要求建立額外 Uniform。,T N,https://derivative.ca/UserGuide/Write_a_GLSL_TOP ; ../../src/core/sgrape_core.py
S055,02 TOP 紋理與資訊｜Texture Inputs／TD Built-ins,uTD2DInfos[i].res.xy,Input Pixel Size,,uTD2DInfos[i].res.xy,vec2,TOP P／C,來源,TOP Input 有便利輸出,1/width、1/height；指 UV 中一個 texel 的步長，不是像素長寬。,T N,https://derivative.ca/UserGuide/Write_a_GLSL_TOP ; ../../src/core/sgrape_core.py
S056,02 TOP 紋理與資訊｜Texture Inputs／TD Built-ins,TDTexInfo.res,,,<texInfo>.res,vec4,TOP，資訊結構欄位,來源,2D 可經 Field／分量取值,xy=寬高倒數，zw=寬高；TD 的打包布局。,T R,https://derivative.ca/UserGuide/Write_a_GLSL_TOP ; ../../src/core/sgrape_composites.py
S057,02 TOP 紋理與資訊｜Texture Inputs／TD Built-ins,TDTexInfo.depth,,,<texInfo>.depth,vec4,TOP，資訊結構欄位,來源,2D 可經 Field／分量取值,x=深度倒數，y=深度，z=最新更新切片偏移；w 未定義，不提供可用值入口。,T R,https://derivative.ca/UserGuide/Write_a_GLSL_TOP ; ../../src/core/sgrape_composites.py
S058,02 TOP 紋理與資訊｜Texture Inputs／TD Built-ins,TDTexInfo.depth.x,Reciprocal Depth,,<texInfo>.depth.x,float,TOP，資訊結構欄位,來源,2D 可經 Field／分量取值,適用有深度的紋理。,T R,https://derivative.ca/UserGuide/Write_a_GLSL_TOP ; ../../src/core/sgrape_composites.py
S059,02 TOP 紋理與資訊｜Texture Inputs／TD Built-ins,TDTexInfo.depth.y,Texture Depth,,<texInfo>.depth.y,float,TOP，資訊結構欄位,來源,2D 可經 Field／分量取值,保留原生 float；3D 深度或 2D Array layer 數。,T R,https://derivative.ca/UserGuide/Write_a_GLSL_TOP ; ../../src/core/sgrape_composites.py
S060,02 TOP 紋理與資訊｜Texture Inputs／TD Built-ins,TDTexInfo.depth.z,,,<texInfo>.depth.z,float,TOP，資訊結構欄位,來源,2D 可經 Field／分量取值,3D 為正規化偏移，2D Array 為 layer 索引；uTDOutputInfo 的此值為 0。不能一概命名為同單位的 Slice Index。,T R,https://derivative.ca/UserGuide/Write_a_GLSL_TOP ; ../../src/core/sgrape_composites.py
S061,02 TOP 紋理與資訊｜Texture Inputs／TD Built-ins,uTDCurrentDepth,Output Slice,,uTDCurrentDepth,int,TOP P,來源,待擴充,逐切片繪製的當前輸出 slice index；Compute 不以它代替 gl_GlobalInvocationID.z。,T,https://derivative.ca/UserGuide/Write_a_GLSL_TOP
S062,02 TOP 紋理與資訊｜Texture Inputs／TD Built-ins,uTDPass,Pass Index,,uTDPass,int,TOP P／C,來源,待擴充,TOP Num Passes 的零起算 pass；不是 Frame。其他宿主須提供同樣的 pass 定義。,T,https://derivative.ca/UserGuide/Write_a_GLSL_TOP
S063,02 TOP 紋理與資訊｜Texture Inputs／TD Built-ins,sTDNoiseMap,,,sTDNoiseMap,sampler2D,TOP,來源,待擴充,TD 固定內建噪聲貼圖；不與任意 Noise texture 當作同一資料來源。,T,https://derivative.ca/UserGuide/Write_a_GLSL_TOP
S064,02 TOP 紋理與資訊｜Texture Inputs／TD Built-ins,sTDSineLookup,,,sTDSineLookup,sampler1D,TOP,來源,待擴充,TD 內建 lookup 資源；沒有固定通用資源等價，不硬取別名。,T,https://derivative.ca/UserGuide/Write_a_GLSL_TOP
S065,03 座標、幾何與實例｜Common Sources／TD Built-ins,vUV.st,Texture Coordinates,,vUV.st,vec2,TOP P，預設 vertex,來源,已有入口,全屏紋理座標；不是 Uniform。自訂 vertex shader 時需自行傳遞 varying。,T N,https://derivative.ca/UserGuide/Write_a_GLSL_TOP ; ../../src/core/sgrape_core.py
S066,03 座標、幾何與實例｜Common Sources／TD Built-ins,vUV,,,vUV,vec3,TOP P，預設 vertex,來源,待擴充,保留原生完整 varying；第三分量不在此假設為已定義的通用資料。,T,https://derivative.ca/UserGuide/Write_a_GLSL_TOP
S067,03 座標、幾何與實例｜Common Sources／TD Built-ins,TDPos(),Position,,TDPos(),vec3,MAT V,來源 accessor,已有入口,幾何原始位置；空間為 SOP／object space，不是變形後 world position。,M N,https://derivative.ca/UserGuide/Write_a_GLSL_MAT ; ../../src/core/sgrape_core.py
S068,03 座標、幾何與實例｜Common Sources／TD Built-ins,TDNormal(),Normal,,TDNormal(),vec3,MAT V,來源 accessor,待擴充,原始幾何法線；變形與 normal matrix 另行處理。,M N,https://derivative.ca/UserGuide/Write_a_GLSL_MAT ; ../../src/core/sgrape_core.py
S069,03 座標、幾何與實例｜Common Sources／TD Built-ins,TDTexCoord(layer),Texture Coordinates,,TDTexCoord(layer),vec3,MAT V,來源 accessor,待擴充,可選 texture layer；與 TOP 的 vec2 vUV.st 入口型別不同。,M N,https://derivative.ca/UserGuide/Write_a_GLSL_MAT ; ../../src/core/sgrape_core.py
S070,03 座標、幾何與實例｜Common Sources／TD Built-ins,TDPointColor(),Point Color,,TDPointColor(),vec4,MAT V,來源 accessor,待擴充,使用 TD 對 alpha premultiplication 的處理結果。,M N,https://derivative.ca/UserGuide/Write_a_GLSL_MAT ; ../../src/core/sgrape_core.py
S071,03 座標、幾何與實例｜Common Sources／TD Built-ins,TDInstanceID(),Instance Index,,TDInstanceID(),int,MAT V,來源 accessor,待擴充,TD 調整過的 instance index；不能直接換成 gl_InstanceID。,M N,https://derivative.ca/UserGuide/Write_a_GLSL_MAT ; ../../src/core/sgrape_core.py
S072,03 座標、幾何與實例｜Common Sources／TD Built-ins,TDCameraIndex(),,,TDCameraIndex(),int,MAT V,來源 accessor,待擴充,本次 draw batch 的相機索引；不是整份 Render 的 camera index。,M N,https://derivative.ca/UserGuide/Write_a_GLSL_MAT ; ../../src/core/sgrape_core.py
S073,03 座標、幾何與實例｜Common Sources／TD Built-ins,TDTrueCameraIndex(),Camera Index,,TDTrueCameraIndex(),int,MAT V,來源 accessor,待擴充,Render TOP Cameras 清單中的索引；跨宿主需定義同一清單語意。,M N,https://derivative.ca/UserGuide/Write_a_GLSL_MAT ; ../../src/core/sgrape_core.py
S074,03 座標、幾何與實例｜Common Sources／TD Built-ins,TDUVUnwrapCoord(),,,TDUVUnwrapCoord(),vec3,MAT V,來源 accessor,待擴充,Render TOP 選定的 UV unwrap 來源。,M N,https://derivative.ca/UserGuide/Write_a_GLSL_MAT ; ../../src/core/sgrape_core.py
S075,03 座標、幾何與實例｜Common Sources／TD Built-ins,TDPointCoord(),Point Coordinates,,TDPointCoord(),vec2,MAT P,來源 accessor,待擴充,Point sprite 座標；TD 的方向修正，應優先於 gl_PointCoord。,M N,https://derivative.ca/UserGuide/Write_a_GLSL_MAT ; ../../src/core/sgrape_core.py
S076,03 座標、幾何與實例｜Common Sources／TD Built-ins,TDBoneMat(boneIndex),Bone Matrix,,TDBoneMat(boneIndex),mat4,MAT V,來源 accessor,待擴充,骨骼矩陣；必須說明原生空間與 deform 配置，非 CPU op transform 的替身。,M N,https://derivative.ca/UserGuide/Write_a_GLSL_MAT ; ../../src/core/sgrape_core.py
S077,03 座標、幾何與實例｜Common Sources／TD Built-ins,TDInstanceMat(instanceID),Instance Matrix,,TDInstanceMat(instanceID),mat4,MAT V,來源 accessor,待擴充,省略 instanceID 的 overload 使用當前 instance；保留 TD instancing 意義。,M N,https://derivative.ca/UserGuide/Write_a_GLSL_MAT ; ../../src/core/sgrape_core.py
S078,03 座標、幾何與實例｜Common Sources／TD Built-ins,TDInstanceMat3(instanceID),Instance Linear Matrix,,TDInstanceMat3(instanceID),mat3,MAT V,來源 accessor,待擴充,只供線性／向量部分；不是 inverse-transpose normal matrix。,M N,https://derivative.ca/UserGuide/Write_a_GLSL_MAT ; ../../src/core/sgrape_core.py
S079,03 座標、幾何與實例｜Common Sources／TD Built-ins,TDInstanceTextureIndex(),Instance Texture Index,,TDInstanceTextureIndex(),uint,MAT V,來源 accessor,待擴充,無參數版本僅 vertex；需傳往 pixel 時使用 flat。,M N,https://derivative.ca/UserGuide/Write_a_GLSL_MAT ; ../../src/core/sgrape_core.py
S080,03 座標、幾何與實例｜Common Sources／TD Built-ins,TDInstanceTextureIndex(instanceID),Instance Texture Index,,TDInstanceTextureIndex(instanceID),uint,MAT V／G／P,來源 accessor,待擴充,顯式 instanceID 版本；回傳 texture index。,M N,https://derivative.ca/UserGuide/Write_a_GLSL_MAT ; ../../src/core/sgrape_core.py
S081,03 座標、幾何與實例｜Common Sources／TD Built-ins,TDInstanceCustomAttrib0(instanceID),,,TDInstanceCustomAttrib0(instanceID),vec4,MAT V,來源 accessor,待擴充,無參數 overload 讀當前 instance；0–3 為 TD 固定 custom slots，名稱需使用者定義內容。,M,https://derivative.ca/UserGuide/Write_a_GLSL_MAT
S082,03 座標、幾何與實例｜Common Sources／TD Built-ins,TDInstanceCustomAttrib1(instanceID),,,TDInstanceCustomAttrib1(instanceID),vec4,MAT V,來源 accessor,待擴充,無參數 overload 讀當前 instance；0–3 為 TD 固定 custom slots，名稱需使用者定義內容。,M,https://derivative.ca/UserGuide/Write_a_GLSL_MAT
S083,03 座標、幾何與實例｜Common Sources／TD Built-ins,TDInstanceCustomAttrib2(instanceID),,,TDInstanceCustomAttrib2(instanceID),vec4,MAT V,來源 accessor,待擴充,無參數 overload 讀當前 instance；0–3 為 TD 固定 custom slots，名稱需使用者定義內容。,M,https://derivative.ca/UserGuide/Write_a_GLSL_MAT
S084,03 座標、幾何與實例｜Common Sources／TD Built-ins,TDInstanceCustomAttrib3(instanceID),,,TDInstanceCustomAttrib3(instanceID),vec4,MAT V,來源 accessor,待擴充,無參數 overload 讀當前 instance；0–3 為 TD 固定 custom slots，名稱需使用者定義內容。,M,https://derivative.ca/UserGuide/Write_a_GLSL_MAT
S085,04 MAT 矩陣、相機與渲染狀態｜TD Built-ins,uTDGeneral,,,uTDGeneral,TDGeneral,MAT V／G／P,來源,待擴充,TD 自動宣告；這是來源集合／結構，不是另造同值 CPU Uniform。環境燈 buffer 是 storage buffer。,M R,https://derivative.ca/UserGuide/Write_a_GLSL_MAT ; ../../src/core/sgrape_composites.py
S086,04 MAT 矩陣、相機與渲染狀態｜TD Built-ins,uTDMats[],,,uTDMats[],TDMatrix[],MAT V／G／P,來源,已有陣列／Field,TD 自動宣告；這是來源集合／結構，不是另造同值 CPU Uniform。環境燈 buffer 是 storage buffer。,M R,https://derivative.ca/UserGuide/Write_a_GLSL_MAT ; ../../src/core/sgrape_composites.py
S087,04 MAT 矩陣、相機與渲染狀態｜TD Built-ins,uTDCamInfos[],,,uTDCamInfos[],TDCameraInfo[],MAT V／G／P,來源,已有陣列／Field,TD 自動宣告；這是來源集合／結構，不是另造同值 CPU Uniform。環境燈 buffer 是 storage buffer。,M R,https://derivative.ca/UserGuide/Write_a_GLSL_MAT ; ../../src/core/sgrape_composites.py
S088,04 MAT 矩陣、相機與渲染狀態｜TD Built-ins,uTDLights[],,,uTDLights[],TDLight[],MAT V／G／P,來源,已有陣列／Field,TD 自動宣告；這是來源集合／結構，不是另造同值 CPU Uniform。環境燈 buffer 是 storage buffer。,M R,https://derivative.ca/UserGuide/Write_a_GLSL_MAT ; ../../src/core/sgrape_composites.py
S089,04 MAT 矩陣、相機與渲染狀態｜TD Built-ins,uTDEnvLights[],,,uTDEnvLights[],TDEnvLight[],MAT V／G／P,來源,待擴充,TD 自動宣告；這是來源集合／結構，不是另造同值 CPU Uniform。環境燈 buffer 是 storage buffer。,M R,https://derivative.ca/UserGuide/Write_a_GLSL_MAT ; ../../src/core/sgrape_composites.py
S090,04 MAT 矩陣、相機與渲染狀態｜TD Built-ins,uTDEnvLightBuffers[],,,uTDEnvLightBuffers[],TDEnvLightBuffer[],MAT V／G／P,來源,待擴充,TD 自動宣告；這是來源集合／結構，不是另造同值 CPU Uniform。環境燈 buffer 是 storage buffer。,M R,https://derivative.ca/UserGuide/Write_a_GLSL_MAT ; ../../src/core/sgrape_composites.py
S091,04 MAT 矩陣、相機與渲染狀態｜TD Built-ins,uTDGeneral.ambientColor,Ambient Color,,uTDGeneral.ambientColor,vec4,MAT V／G／P,來源,待擴充,所用 ambient lights 的合計。,M,https://derivative.ca/UserGuide/Write_a_GLSL_MAT
S092,04 MAT 矩陣、相機與渲染狀態｜TD Built-ins,uTDGeneral.viewport,,,uTDGeneral.viewport,vec4,MAT V／G／P,來源,待擴充,xy=viewport 像素起點；zw=寬高倒數，不能直接當 Output Resolution。,M,https://derivative.ca/UserGuide/Write_a_GLSL_MAT
S093,04 MAT 矩陣、相機與渲染狀態｜TD Built-ins,uTDGeneral.viewport.xy,Viewport Origin,,uTDGeneral.viewport.xy,vec2,MAT V／G／P,來源,待擴充,只取 origin。,M,https://derivative.ca/UserGuide/Write_a_GLSL_MAT
S094,04 MAT 矩陣、相機與渲染狀態｜TD Built-ins,1.0 / uTDGeneral.viewport.zw,Viewport Resolution,,1.0 / uTDGeneral.viewport.zw,vec2,MAT V／G／P,派生來源,待擴充,派生值；viewport 可只是 render target 的子區域，不直接叫 Output Resolution。,M,https://derivative.ca/UserGuide/Write_a_GLSL_MAT
S095,04 MAT 矩陣、相機與渲染狀態｜TD Built-ins,uTDMats[c].world,Model Matrix,,uTDMats[c].world,mat4,MAT V／G／P,來源,已有陣列／Field,c 為當前 batch 的 camera index；名稱候選不保證其他宿主具有相同座標／深度約定。,M R,https://derivative.ca/UserGuide/Write_a_GLSL_MAT ; ../../src/core/sgrape_composites.py
S096,04 MAT 矩陣、相機與渲染狀態｜TD Built-ins,uTDMats[c].worldInverse,Inverse Model Matrix,,uTDMats[c].worldInverse,mat4,MAT V／G／P,來源,已有陣列／Field,c 為當前 batch 的 camera index；名稱候選不保證其他宿主具有相同座標／深度約定。,M R,https://derivative.ca/UserGuide/Write_a_GLSL_MAT ; ../../src/core/sgrape_composites.py
S097,04 MAT 矩陣、相機與渲染狀態｜TD Built-ins,uTDMats[c].worldCam,Model-View Matrix,,uTDMats[c].worldCam,mat4,MAT V／G／P,來源,已有陣列／Field,c 為當前 batch 的 camera index；名稱候選不保證其他宿主具有相同座標／深度約定。,M R,https://derivative.ca/UserGuide/Write_a_GLSL_MAT ; ../../src/core/sgrape_composites.py
S098,04 MAT 矩陣、相機與渲染狀態｜TD Built-ins,uTDMats[c].worldCamInverse,Inverse Model-View Matrix,,uTDMats[c].worldCamInverse,mat4,MAT V／G／P,來源,已有陣列／Field,c 為當前 batch 的 camera index；名稱候選不保證其他宿主具有相同座標／深度約定。,M R,https://derivative.ca/UserGuide/Write_a_GLSL_MAT ; ../../src/core/sgrape_composites.py
S099,04 MAT 矩陣、相機與渲染狀態｜TD Built-ins,uTDMats[c].cam,View Matrix,,uTDMats[c].cam,mat4,MAT V／G／P,來源,已有陣列／Field,c 為當前 batch 的 camera index；名稱候選不保證其他宿主具有相同座標／深度約定。,M R,https://derivative.ca/UserGuide/Write_a_GLSL_MAT ; ../../src/core/sgrape_composites.py
S100,04 MAT 矩陣、相機與渲染狀態｜TD Built-ins,uTDMats[c].camInverse,Inverse View Matrix,,uTDMats[c].camInverse,mat4,MAT V／G／P,來源,已有陣列／Field,c 為當前 batch 的 camera index；名稱候選不保證其他宿主具有相同座標／深度約定。,M R,https://derivative.ca/UserGuide/Write_a_GLSL_MAT ; ../../src/core/sgrape_composites.py
S101,04 MAT 矩陣、相機與渲染狀態｜TD Built-ins,uTDMats[c].camProj,View-Projection Matrix,,uTDMats[c].camProj,mat4,MAT V／G／P,來源,已有陣列／Field,c 為當前 batch 的 camera index；名稱候選不保證其他宿主具有相同座標／深度約定。,M R,https://derivative.ca/UserGuide/Write_a_GLSL_MAT ; ../../src/core/sgrape_composites.py
S102,04 MAT 矩陣、相機與渲染狀態｜TD Built-ins,uTDMats[c].camProjInverse,Inverse View-Projection Matrix,,uTDMats[c].camProjInverse,mat4,MAT V／G／P,來源,已有陣列／Field,c 為當前 batch 的 camera index；名稱候選不保證其他宿主具有相同座標／深度約定。,M R,https://derivative.ca/UserGuide/Write_a_GLSL_MAT ; ../../src/core/sgrape_composites.py
S103,04 MAT 矩陣、相機與渲染狀態｜TD Built-ins,uTDMats[c].proj,Projection Matrix,,uTDMats[c].proj,mat4,MAT V／G／P,來源,已有陣列／Field,"c 為當前 batch 的 camera index；名稱候選不保證其他宿主具有相同座標／深度約定。 TD 文件標示投影 Z 範圍為 Vulkan [0,1]。",M R,https://derivative.ca/UserGuide/Write_a_GLSL_MAT ; ../../src/core/sgrape_composites.py
S104,04 MAT 矩陣、相機與渲染狀態｜TD Built-ins,uTDMats[c].projInverse,Inverse Projection Matrix,,uTDMats[c].projInverse,mat4,MAT V／G／P,來源,已有陣列／Field,c 為當前 batch 的 camera index；名稱候選不保證其他宿主具有相同座標／深度約定。,M R,https://derivative.ca/UserGuide/Write_a_GLSL_MAT ; ../../src/core/sgrape_composites.py
S105,04 MAT 矩陣、相機與渲染狀態｜TD Built-ins,uTDMats[c].worldCamProj,Model-View-Projection Matrix,,uTDMats[c].worldCamProj,mat4,MAT V／G／P,來源,已有陣列／Field,c 為當前 batch 的 camera index；名稱候選不保證其他宿主具有相同座標／深度約定。,M R,https://derivative.ca/UserGuide/Write_a_GLSL_MAT ; ../../src/core/sgrape_composites.py
S106,04 MAT 矩陣、相機與渲染狀態｜TD Built-ins,uTDMats[c].worldCamProjInverse,Inverse Model-View-Projection Matrix,,uTDMats[c].worldCamProjInverse,mat4,MAT V／G／P,來源,已有陣列／Field,c 為當前 batch 的 camera index；名稱候選不保證其他宿主具有相同座標／深度約定。,M R,https://derivative.ca/UserGuide/Write_a_GLSL_MAT ; ../../src/core/sgrape_composites.py
S107,04 MAT 矩陣、相機與渲染狀態｜TD Built-ins,uTDMats[c].worldForNormals,Model Normal Matrix,,uTDMats[c].worldForNormals,mat3,MAT V／G／P,來源,已有陣列／Field,c 為當前 batch 的 camera index；名稱候選不保證其他宿主具有相同座標／深度約定。 inverse-transpose，用於法線。,M R,https://derivative.ca/UserGuide/Write_a_GLSL_MAT ; ../../src/core/sgrape_composites.py
S108,04 MAT 矩陣、相機與渲染狀態｜TD Built-ins,uTDMats[c].camForNormals,View Normal Matrix,,uTDMats[c].camForNormals,mat3,MAT V／G／P,來源,已有陣列／Field,c 為當前 batch 的 camera index；名稱候選不保證其他宿主具有相同座標／深度約定。 inverse-transpose，用於法線。,M R,https://derivative.ca/UserGuide/Write_a_GLSL_MAT ; ../../src/core/sgrape_composites.py
S109,04 MAT 矩陣、相機與渲染狀態｜TD Built-ins,uTDMats[c].worldCamForNormals,Model-View Normal Matrix,,uTDMats[c].worldCamForNormals,mat3,MAT V／G／P,來源,已有陣列／Field,c 為當前 batch 的 camera index；名稱候選不保證其他宿主具有相同座標／深度約定。 inverse-transpose，用於法線。,M R,https://derivative.ca/UserGuide/Write_a_GLSL_MAT ; ../../src/core/sgrape_composites.py
S110,04 MAT 矩陣、相機與渲染狀態｜TD Built-ins,uTDMats[c].quadReproject,,,uTDMats[c].quadReproject,mat4,MAT V／G／P,來源,已有 Field；語意待核對,現有 2025.32820 constructor probe 證實欄位；公開指南未列完整語意，不猜別名。,L R,../features/TD_ARRAY_SOURCES.md ; ../../src/core/sgrape_composites.py
S111,04 MAT 矩陣、相機與渲染狀態｜TD Built-ins,uTDMats[c].clipDistances,,,uTDMats[c].clipDistances,vec4,MAT V／G／P,來源,已有 Field；語意待核對,現有 2025.32820 constructor probe 證實欄位；公開指南未列完整語意，不猜別名。,L R,../features/TD_ARRAY_SOURCES.md ; ../../src/core/sgrape_composites.py
S112,04 MAT 矩陣、相機與渲染狀態｜TD Built-ins,uTDCamInfos[c].nearFar,,,uTDCamInfos[c].nearFar,vec4,MAT V／G／P,來源,已有陣列／Field,near、far、差值、差值倒數的打包。,M R,https://derivative.ca/UserGuide/Write_a_GLSL_MAT ; ../../src/core/sgrape_composites.py
S113,04 MAT 矩陣、相機與渲染狀態｜TD Built-ins,uTDCamInfos[c].fog,,,uTDCamInfos[c].fog,vec4,MAT V／G／P,來源,已有陣列／Field,start、end、range 倒數、density 的打包。,M R,https://derivative.ca/UserGuide/Write_a_GLSL_MAT ; ../../src/core/sgrape_composites.py
S114,04 MAT 矩陣、相機與渲染狀態｜TD Built-ins,uTDCamInfos[c].fogColor,Fog Color,,uTDCamInfos[c].fogColor,vec4,MAT V／G／P,來源,已有陣列／Field,相機霧色。,M R,https://derivative.ca/UserGuide/Write_a_GLSL_MAT ; ../../src/core/sgrape_composites.py
S115,04 MAT 矩陣、相機與渲染狀態｜TD Built-ins,uTDCamInfos[c].renderTOPCameraIndex,Camera Index,,uTDCamInfos[c].renderTOPCameraIndex,int,MAT V／G／P,來源,已有陣列／Field,全 Render 相機清單索引，不是 batch index。,M R,https://derivative.ca/UserGuide/Write_a_GLSL_MAT ; ../../src/core/sgrape_composites.py
S116,04 MAT 矩陣、相機與渲染狀態｜TD Built-ins,uTDCamInfos[c].ipdShift,,,uTDCamInfos[c].ipdShift,float,MAT V／G／P,來源,已有陣列／Field,既有 2025.32820 probe 確認存在；未有充分公開語意，不依名稱猜測。,L R,../features/TD_ARRAY_SOURCES.md ; ../../src/core/sgrape_composites.py
S117,04 MAT 矩陣、相機與渲染狀態｜TD Built-ins,uTDCamInfos[c].nearFar.x,Camera Near,,uTDCamInfos[c].nearFar.x,float,MAT V／G／P,來源,可組合取得,已知欄位中的分量；可經 Field 與分量選取。,M R,https://derivative.ca/UserGuide/Write_a_GLSL_MAT ; ../../src/core/sgrape_composites.py
S118,04 MAT 矩陣、相機與渲染狀態｜TD Built-ins,uTDCamInfos[c].nearFar.y,Camera Far,,uTDCamInfos[c].nearFar.y,float,MAT V／G／P,來源,可組合取得,已知欄位中的分量；可經 Field 與分量選取。,M R,https://derivative.ca/UserGuide/Write_a_GLSL_MAT ; ../../src/core/sgrape_composites.py
S119,04 MAT 矩陣、相機與渲染狀態｜TD Built-ins,uTDCamInfos[c].fog.x,Fog Start,,uTDCamInfos[c].fog.x,float,MAT V／G／P,來源,可組合取得,已知欄位中的分量；可經 Field 與分量選取。,M R,https://derivative.ca/UserGuide/Write_a_GLSL_MAT ; ../../src/core/sgrape_composites.py
S120,04 MAT 矩陣、相機與渲染狀態｜TD Built-ins,uTDCamInfos[c].fog.y,Fog End,,uTDCamInfos[c].fog.y,float,MAT V／G／P,來源,可組合取得,已知欄位中的分量；可經 Field 與分量選取。,M R,https://derivative.ca/UserGuide/Write_a_GLSL_MAT ; ../../src/core/sgrape_composites.py
S121,04 MAT 矩陣、相機與渲染狀態｜TD Built-ins,uTDCamInfos[c].fog.w,Fog Density,,uTDCamInfos[c].fog.w,float,MAT V／G／P,來源,可組合取得,已知欄位中的分量；可經 Field 與分量選取。,M R,https://derivative.ca/UserGuide/Write_a_GLSL_MAT ; ../../src/core/sgrape_composites.py
S122,05 燈光與環境｜TD Built-ins,uTDLights[i].position,Light Position,,uTDLights[i].position,vec4,MAT V／G／P,來源,已有陣列／Field,world space；w 不在此猜測用途。,M R,https://derivative.ca/UserGuide/Write_a_GLSL_MAT ; ../../src/core/sgrape_composites.py
S123,05 燈光與環境｜TD Built-ins,uTDLights[i].direction,Light Direction,,uTDLights[i].direction,vec3,MAT V／G／P,來源,已有陣列／Field,world space。,M R,https://derivative.ca/UserGuide/Write_a_GLSL_MAT ; ../../src/core/sgrape_composites.py
S124,05 燈光與環境｜TD Built-ins,uTDLights[i].diffuse,Light Color,,uTDLights[i].diffuse,vec3,MAT V／G／P,來源,已有陣列／Field,diffuse light color。,M R,https://derivative.ca/UserGuide/Write_a_GLSL_MAT ; ../../src/core/sgrape_composites.py
S125,05 燈光與環境｜TD Built-ins,uTDLights[i].nearFar,,,uTDLights[i].nearFar,vec4,MAT V／G／P,來源,已有陣列／Field,Light View clipping 與衍生量打包。,M R,https://derivative.ca/UserGuide/Write_a_GLSL_MAT ; ../../src/core/sgrape_composites.py
S126,05 燈光與環境｜TD Built-ins,uTDLights[i].lightSize,,,uTDLights[i].lightSize,vec4,MAT V／G／P,來源,已有陣列／Field,尺寸與投影尺寸比例打包。,M R,https://derivative.ca/UserGuide/Write_a_GLSL_MAT ; ../../src/core/sgrape_composites.py
S127,05 燈光與環境｜TD Built-ins,uTDLights[i].misc,,,uTDLights[i].misc,vec4,MAT V／G／P,來源,已有陣列／Field,TD 內部參數打包，文件只賦予部分分量意義。,M R,https://derivative.ca/UserGuide/Write_a_GLSL_MAT ; ../../src/core/sgrape_composites.py
S128,05 燈光與環境｜TD Built-ins,uTDLights[i].coneLookupScaleBias,,,uTDLights[i].coneLookupScaleBias,vec4,MAT V／G／P,來源,已有陣列／Field,TD 錐形光 lookup 的 scale/bias。,M R,https://derivative.ca/UserGuide/Write_a_GLSL_MAT ; ../../src/core/sgrape_composites.py
S129,05 燈光與環境｜TD Built-ins,uTDLights[i].attenScaleBiasRoll,,,uTDLights[i].attenScaleBiasRoll,vec4,MAT V／G／P,來源,已有陣列／Field,TD 衰減計算所需的 scale/bias/rolloff。,M R,https://derivative.ca/UserGuide/Write_a_GLSL_MAT ; ../../src/core/sgrape_composites.py
S130,05 燈光與環境｜TD Built-ins,uTDLights[i].shadowMapMatrix,Shadow Projection Matrix,,uTDLights[i].shadowMapMatrix,mat4,MAT V／G／P,來源,已有陣列／Field,world → shadow lookup space；保留 TD 深度及偏移約定。,M R,https://derivative.ca/UserGuide/Write_a_GLSL_MAT ; ../../src/core/sgrape_composites.py
S131,05 燈光與環境｜TD Built-ins,uTDLights[i].shadowMapCamMatrix,Light View Matrix,,uTDLights[i].shadowMapCamMatrix,mat4,MAT V／G／P,來源,已有陣列／Field,world → shadow light camera space。,M R,https://derivative.ca/UserGuide/Write_a_GLSL_MAT ; ../../src/core/sgrape_composites.py
S132,05 燈光與環境｜TD Built-ins,uTDLights[i].shadowMapRes,,,uTDLights[i].shadowMapRes,vec4,MAT V／G／P,來源,已有陣列／Field,xy 倒數、zw 尺寸；無 shadow map 時全零。,M R,https://derivative.ca/UserGuide/Write_a_GLSL_MAT ; ../../src/core/sgrape_composites.py
S133,05 燈光與環境｜TD Built-ins,uTDLights[i].projMapMatrix,Light Projection Matrix,,uTDLights[i].projMapMatrix,mat4,MAT V／G／P,來源,已有陣列／Field,world → projection map space，用於投影貼圖。,M R,https://derivative.ca/UserGuide/Write_a_GLSL_MAT ; ../../src/core/sgrape_composites.py
S134,05 燈光與環境｜TD Built-ins,uTDLights[i].shadowMapRes.zw,Shadow Resolution,,uTDLights[i].shadowMapRes.zw,vec2,MAT V／G／P,來源,可組合取得,只取尺寸；無 map 時為零，不能假設可安全取倒數。,M R,https://derivative.ca/UserGuide/Write_a_GLSL_MAT ; ../../src/core/sgrape_composites.py
S135,05 燈光與環境｜TD Built-ins,uTDEnvLights[i].color,Environment Color,,uTDEnvLights[i].color,vec3,MAT V／G／P,來源,待擴充,不包含環境貼圖的額外 color。,M,https://derivative.ca/UserGuide/Write_a_GLSL_MAT
S136,05 燈光與環境｜TD Built-ins,uTDEnvLights[i].rotate,Environment Rotation,,uTDEnvLights[i].rotate,mat3,MAT V／G／P,來源,待擴充,環境取樣方向旋轉。,M,https://derivative.ca/UserGuide/Write_a_GLSL_MAT
S137,05 燈光與環境｜TD Built-ins,uTDEnvLightBuffers[i].shCoeffs,Environment SH Coefficients,,uTDEnvLightBuffers[i].shCoeffs,vec3[9],MAT V／G／P,來源,待擴充,環境貼圖的 SH 係數；基底、順序與 normalization 不假設跨平台相同。,M,https://derivative.ca/UserGuide/Write_a_GLSL_MAT
S138,05 燈光與環境｜TD Built-ins,"TDEnvLightTextureLod(i, coord, lod)",Environment Sample,,"TDEnvLightTextureLod(i, coord, lod)",vec4,MAT P（指南所在範圍）,取樣／lookup 運算,待擴充,vec2／vec3 overload 對應 2D／Cube；缺該種 map 時回黑。,M,https://derivative.ca/UserGuide/Write_a_GLSL_MAT
S139,05 燈光與環境｜TD Built-ins,"TDShadowTexture(i, uv)",,,"TDShadowTexture(i, uv)",float,MAT P（指南所在範圍）,取樣／lookup 運算,待擴充,Hard shadow 與 Soft shadow 模式的深度單位不同。,M,https://derivative.ca/UserGuide/Write_a_GLSL_MAT
S140,05 燈光與環境｜TD Built-ins,"TDShadowTextureProj(i, coord)",,,"TDShadowTextureProj(i, coord)",float,MAT P（指南所在範圍）,取樣／lookup 運算,待擴充,投影取樣版本；深度單位隨模式，不硬當線性 Shadow Depth。,M,https://derivative.ca/UserGuide/Write_a_GLSL_MAT
S141,05 燈光與環境｜TD Built-ins,"TDCompareShadowTexture(i, uv, depth)",,,"TDCompareShadowTexture(i, uv, depth)",float,MAT P（指南所在範圍）,取樣／lookup 運算,待擴充,原生深度比較結果，含 TD 的 shadow 約定。,M,https://derivative.ca/UserGuide/Write_a_GLSL_MAT
S142,05 燈光與環境｜TD Built-ins,"TDCompareShadowTextureProj(i, coord)",,,"TDCompareShadowTextureProj(i, coord)",float,MAT P（指南所在範圍）,取樣／lookup 運算,待擴充,投影深度比較版本。,M,https://derivative.ca/UserGuide/Write_a_GLSL_MAT
S143,05 燈光與環境｜TD Built-ins,"TDProjTexture(i, uv, bias)",,,"TDProjTexture(i, uv, bias)",vec4,MAT P（指南所在範圍）,取樣／lookup 運算,待擴充,直接讀 light projection map；無貼圖回黑。不是一般無語境的紋理來源。,M,https://derivative.ca/UserGuide/Write_a_GLSL_MAT
S144,05 燈光與環境｜TD Built-ins,"TDProjTextureProj(i, coord)",,,"TDProjTextureProj(i, coord)",vec4,MAT P（指南所在範圍）,取樣／lookup 運算,待擴充,使用投影座標；是取樣 operation，不是可直接連出的 sampler。,M,https://derivative.ca/UserGuide/Write_a_GLSL_MAT
S145,05 燈光與環境｜TD Built-ins,"TDConeLookup(i, coord)",,,"TDConeLookup(i, coord)",float,MAT P（指南所在範圍）,取樣／lookup 運算,待擴充,TD cone lookup；非 cone light 時為 1。,M,https://derivative.ca/UserGuide/Write_a_GLSL_MAT
S146,06 使用者配置的來源家族｜分別歸入 Texture Inputs／Custom Uniforms／TD Built-ins,<uniformName>,Custom Uniform,,<uniformName>,scalar／vector,TOP／MAT V／P（C 依宿主）,需配置來源,已支援數值家族,Vectors 的具名參數；名稱由使用者提供，Python Expression／Bind／Export 是驅動方式，不替使用者一律改名。,TP MP P,https://derivative.ca/UserGuide/GLSL_TOP ; https://derivative.ca/UserGuide/GLSL_MAT ; ../../src/core/sgrape_sources.py
S147,06 使用者配置的來源家族｜分別歸入 Texture Inputs／Custom Uniforms／TD Built-ins,<colorName>,Color Uniform,,<colorName>,vec4,TOP；MAT 依實際版本,需配置來源,TOP 已支援,原生 Colors 可做 working color space 轉換；不是 Vectors 原樣數值的同義詞。,TP P,https://derivative.ca/UserGuide/GLSL_TOP ; ../../src/core/sgrape_sources.py
S148,06 使用者配置的來源家族｜分別歸入 Texture Inputs／Custom Uniforms／TD Built-ins,<matrixName>,Matrix Uniform,,<matrixName>,matN／matCxR 等,TOP／MAT,需配置來源,已支援部分原生映射,Matrices 原生配置；實際可用形狀／double 支援依宿主與本專案實測。,TP MP P,https://derivative.ca/UserGuide/GLSL_TOP ; https://derivative.ca/UserGuide/GLSL_MAT ; ../../src/core/sgrape_sources.py
S149,06 使用者配置的來源家族｜分別歸入 Texture Inputs／Custom Uniforms／TD Built-ins,<arrayName>[],Uniform Array,,<arrayName>[],float／vec2／vec3／vec4[],TOP／MAT,需配置來源,已支援首批,CHOP Uniform Array；宣告長度與當前 CHOP 樣本數不一定相等。,TP MP P,https://derivative.ca/UserGuide/GLSL_TOP ; https://derivative.ca/UserGuide/GLSL_MAT ; ../../src/core/sgrape_sources.py
S150,06 使用者配置的來源家族｜分別歸入 Texture Inputs／Custom Uniforms／TD Built-ins,<bufferSampler>,Texture Buffer,,<bufferSampler>,samplerBuffer,TOP／MAT,需配置來源,未納入目前來源入口,Arrays 的 Texture Buffer 模式；不是 Uniform Array，也不是一般 2D texture。,TP MP,https://derivative.ca/UserGuide/GLSL_TOP ; https://derivative.ca/UserGuide/GLSL_MAT
S151,06 使用者配置的來源家族｜分別歸入 Texture Inputs／Custom Uniforms／TD Built-ins,<samplerName>,Texture Input,,<samplerName>,sampler 依配置,MAT V／P／G,需配置來源,目前僅 sampler2D 路徑,MAT Samplers 指向 TOP 資源；不能硬套 TOP 的 sTD2DInputs 索引命名。,MP,https://derivative.ca/UserGuide/GLSL_MAT
S152,06 使用者配置的來源家族｜分別歸入 Texture Inputs／Custom Uniforms／TD Built-ins,<samplerName>POffset,,,<samplerName>POffset,float,MAT,需配置來源,待擴充,Texture 3D TOP 的最新切片位置；需 matching sampler 名稱與 uniform 宣告。,M,https://derivative.ca/UserGuide/Write_a_GLSL_MAT
S153,06 使用者配置的來源家族｜分別歸入 Texture Inputs／Custom Uniforms／TD Built-ins,<specName>,Spec Constant,,<specName>,int／uint／bool／float,TOP／MAT,需配置來源,已有入口,常數頁提供 specialization 值；不是每幀 Uniform。,T M P,https://derivative.ca/UserGuide/Write_a_GLSL_TOP ; https://derivative.ca/UserGuide/Write_a_GLSL_MAT ; ../../src/core/sgrape_sources.py
S154,06 使用者配置的來源家族｜分別歸入 Texture Inputs／Custom Uniforms／TD Built-ins,<atomicCounter>,,,<atomicCounter>,atomic_uint／array,TOP，依版本／pipeline,需配置來源,文件有列；未實測,原生 Atomic Counters 配置；可變 GPU 資源，不能只視為 readonly Source；Vulkan 支援需版本驗證。,TP,https://derivative.ca/UserGuide/GLSL_TOP
S155,06 使用者配置的來源家族｜分別歸入 Texture Inputs／Custom Uniforms／TD Built-ins,"TDAttrib_<name>(arrayIndex, vertexIndex)",Attribute,,"TDAttrib_<name>(arrayIndex, vertexIndex)",依配置,MAT V,需配置來源,待擴充,Attributes 頁配置；省略 vertexIndex 用 gl_VertexID，省略 arrayIndex 用 0。,M MP,https://derivative.ca/UserGuide/Write_a_GLSL_MAT ; https://derivative.ca/UserGuide/GLSL_MAT
S156,06 使用者配置的來源家族｜分別歸入 Texture Inputs／Custom Uniforms／TD Built-ins,TDTexAttrib_<name>(layer),,,TDTexAttrib_<name>(layer),依配置,MAT V,需配置來源,待擴充,針對 POP attribute／SOP uv 的原生適配，不假定任意 attribute 是共同 UV。,M,https://derivative.ca/UserGuide/Write_a_GLSL_MAT
S157,06 使用者配置的來源家族｜分別歸入 Texture Inputs／Custom Uniforms／TD Built-ins,cTDAttribArraySize_<name>,Attribute Array Size,,cTDAttribArraySize_<name>,uint 常數,MAT V,需配置來源,待擴充,該 attribute 每個元素內的 array extent，不是幾何頂點總數。,M,https://derivative.ca/UserGuide/Write_a_GLSL_MAT
S158,06 使用者配置的來源家族｜分別歸入 Texture Inputs／Custom Uniforms／TD Built-ins,"TDBuffer_<name>(elementIndex, arrayIndex)",Buffer Attribute,,"TDBuffer_<name>(elementIndex, arrayIndex)",依配置,TOP／MAT，Buffers 配置後,需配置來源,待擴充,POP Point／Vertex／Primitive attribute buffer；省略 arrayIndex 用 0。不是要求支援整個 GLSL POP 宿主。,T M TP,https://derivative.ca/UserGuide/Write_a_GLSL_TOP ; https://derivative.ca/UserGuide/Write_a_GLSL_MAT ; https://derivative.ca/UserGuide/GLSL_TOP
S159,06 使用者配置的來源家族｜分別歸入 Texture Inputs／Custom Uniforms／TD Built-ins,TDBufferLength_<name>(),Buffer Length,,TDBufferLength_<name>(),uint（文件標 const）,TOP／MAT，Buffers 配置後,需配置來源,待擴充,來源 buffer 元素數；不在 UI 或 Python 模擬求值，常數性需依真正產生的定義確認。,T M,https://derivative.ca/UserGuide/Write_a_GLSL_TOP ; https://derivative.ca/UserGuide/Write_a_GLSL_MAT
S160,06 使用者配置的來源家族｜分別歸入 Texture Inputs／Custom Uniforms／TD Built-ins,cTDBufferArraySize_<name>,Buffer Attribute Array Size,,cTDBufferArraySize_<name>,uint 常數,TOP／MAT，Buffers 配置後,需配置來源,待擴充,每個 attribute 的 array extent，與 Buffer Length 分開。,T M,https://derivative.ca/UserGuide/Write_a_GLSL_TOP ; https://derivative.ca/UserGuide/Write_a_GLSL_MAT
S161,06 使用者配置的來源家族｜分別歸入 Texture Inputs／Custom Uniforms／TD Built-ins,"TDImageLoadOutput(index, coord)",Load Output Image,,"TDImageLoadOutput(index, coord)",vec4,TOP C,資源讀取,未支援 Compute 入口,2025.30000+ 路徑；ivec3／uvec3 座標，讀 output storage image；有同步與可見性責任。,T,https://derivative.ca/UserGuide/Write_a_GLSL_TOP
S162,06 使用者配置的來源家族｜分別歸入 Texture Inputs／Custom Uniforms／TD Built-ins,"TDImageLoad_<name>(arrayIndex, coord)",Load Image,,"TDImageLoad_<name>(arrayIndex, coord)",vec4,MAT，Render TOP image output context,資源讀取,待擴充,由 Render TOP 定義；無 array 時 arrayIndex=0；單獨 MAT validation 不一定具備。,M,https://derivative.ca/UserGuide/Write_a_GLSL_MAT
S163,07 編譯環境｜TD Built-ins，偏向進階資訊,TD_NUM_LIGHTS,Light Count,,TD_NUM_LIGHTS,巨集／條件,編譯期 MAT,編譯環境,數量部分已作長度契約,不含 environment lights；零燈須正常處理。,M R,https://derivative.ca/UserGuide/Write_a_GLSL_MAT ; ../../src/core/sgrape_composites.py
S164,07 編譯環境｜TD Built-ins，偏向進階資訊,TD_NUM_ENV_LIGHTS,Environment Light Count,,TD_NUM_ENV_LIGHTS,巨集／條件,編譯期 MAT,編譯環境,待擴充,環境燈數量，與一般燈分開。,M R,https://derivative.ca/UserGuide/Write_a_GLSL_MAT ; ../../src/core/sgrape_composites.py
S165,07 編譯環境｜TD Built-ins，偏向進階資訊,TD_NUM_CAMERAS,,,TD_NUM_CAMERAS,巨集／條件,編譯期 MAT,編譯環境,數量部分已作長度契約,本次 batch 相機數，非整個 Render 的相機總數。,M R,https://derivative.ca/UserGuide/Write_a_GLSL_MAT ; ../../src/core/sgrape_composites.py
S166,07 編譯環境｜TD Built-ins，偏向進階資訊,TD_ENV_LIGHTS_ARRAY_SIZE,,,TD_ENV_LIGHTS_ARRAY_SIZE,巨集／條件,編譯期 MAT,編譯環境,待擴充,環境燈 storage buffer 配置長度；不自行假設等同 TD_NUM_ENV_LIGHTS。,M R,https://derivative.ca/UserGuide/Write_a_GLSL_MAT ; ../../src/core/sgrape_composites.py
S167,07 編譯環境｜TD Built-ins，偏向進階資訊,TD_NUM_COLOR_BUFFERS,Color Buffer Count,,TD_NUM_COLOR_BUFFERS,巨集／條件,編譯期 MAT,編譯環境,待擴充,依 MAT Render 配置的輸出數；TOP 同名支援需另驗證，不由此推定。,M R,https://derivative.ca/UserGuide/Write_a_GLSL_MAT ; ../../src/core/sgrape_composites.py
S168,07 編譯環境｜TD Built-ins，偏向進階資訊,TD_VERTEX_SHADER,,,TD_VERTEX_SHADER,巨集／條件,編譯期 MAT／宿主生成,編譯環境,待擴充,編譯 stage 條件。,M R,https://derivative.ca/UserGuide/Write_a_GLSL_MAT ; ../../src/core/sgrape_composites.py
S169,07 編譯環境｜TD Built-ins，偏向進階資訊,TD_GEOMETRY_SHADER,,,TD_GEOMETRY_SHADER,巨集／條件,編譯期 MAT／宿主生成,編譯環境,待擴充,編譯 stage 條件。,M R,https://derivative.ca/UserGuide/Write_a_GLSL_MAT ; ../../src/core/sgrape_composites.py
S170,07 編譯環境｜TD Built-ins，偏向進階資訊,TD_PIXEL_SHADER,,,TD_PIXEL_SHADER,巨集／條件,編譯期 MAT／宿主生成,編譯環境,待擴充,編譯 stage 條件。,M R,https://derivative.ca/UserGuide/Write_a_GLSL_MAT ; ../../src/core/sgrape_composites.py
S171,07 編譯環境｜TD Built-ins，偏向進階資訊,TD_COMPUTE_SHADER,,,TD_COMPUTE_SHADER,巨集／條件,編譯期 宿主生成,編譯環境,待擴充,編譯 stage 條件；不代表 MAT 有 Compute stage。,M R,https://derivative.ca/UserGuide/Write_a_GLSL_MAT ; ../../src/core/sgrape_composites.py
S172,07 編譯環境｜TD Built-ins，偏向進階資訊,TD_RENDER_TOP,,,TD_RENDER_TOP,巨集／條件,編譯期 MAT,編譯環境,待擴充,當前處於 Render TOP render context，可作 image output guard。,M R,https://derivative.ca/UserGuide/Write_a_GLSL_MAT ; ../../src/core/sgrape_composites.py
S173,07 編譯環境｜TD Built-ins，偏向進階資訊,TD_PICKING_ACTIVE,,,TD_PICKING_ACTIVE,巨集／條件,編譯期 MAT,編譯環境,待擴充,Picking shader permutation；不應轉成即時 Uniform。,M R,https://derivative.ca/UserGuide/Write_a_GLSL_MAT ; ../../src/core/sgrape_composites.py
S174,08 Picking｜宿主互動資料，非一般 Sources,vTDPickVert,,,vTDPickVert,TDPickVertex,MAT Picking／V,輸出 payload,待擴充,可寫的 picking payload，非自動可讀 source；TDWritePickingValues 初始化後才做自訂覆寫。,M,https://derivative.ca/UserGuide/Write_a_GLSL_MAT
S175,08 Picking｜宿主互動資料，非一般 Sources,vTDPickVert.sopSpacePosition,,,vTDPickVert.sopSpacePosition,vec3,MAT Picking／V,輸出 payload,待擴充,完整列入 payload 欄位；保留 TD 名稱，不當作普通場景來源。,M,https://derivative.ca/UserGuide/Write_a_GLSL_MAT
S176,08 Picking｜宿主互動資料，非一般 Sources,vTDPickVert.worldSpacePosition,,,vTDPickVert.worldSpacePosition,vec3,MAT Picking／V,輸出 payload,待擴充,完整列入 payload 欄位；保留 TD 名稱，不當作普通場景來源。,M,https://derivative.ca/UserGuide/Write_a_GLSL_MAT
S177,08 Picking｜宿主互動資料，非一般 Sources,vTDPickVert.camSpacePosition,,,vTDPickVert.camSpacePosition,vec3,MAT Picking／V,輸出 payload,待擴充,完整列入 payload 欄位；保留 TD 名稱，不當作普通場景來源。,M,https://derivative.ca/UserGuide/Write_a_GLSL_MAT
S178,08 Picking｜宿主互動資料，非一般 Sources,vTDPickVert.sopSpaceNormal,,,vTDPickVert.sopSpaceNormal,vec3,MAT Picking／V,輸出 payload,待擴充,完整列入 payload 欄位；保留 TD 名稱，不當作普通場景來源。,M,https://derivative.ca/UserGuide/Write_a_GLSL_MAT
S179,08 Picking｜宿主互動資料，非一般 Sources,vTDPickVert.worldSpaceNormal,,,vTDPickVert.worldSpaceNormal,vec3,MAT Picking／V,輸出 payload,待擴充,完整列入 payload 欄位；保留 TD 名稱，不當作普通場景來源。,M,https://derivative.ca/UserGuide/Write_a_GLSL_MAT
S180,08 Picking｜宿主互動資料，非一般 Sources,vTDPickVert.camSpaceNormal,,,vTDPickVert.camSpaceNormal,vec3,MAT Picking／V,輸出 payload,待擴充,完整列入 payload 欄位；保留 TD 名稱，不當作普通場景來源。,M,https://derivative.ca/UserGuide/Write_a_GLSL_MAT
S181,08 Picking｜宿主互動資料，非一般 Sources,vTDPickVert.uv,,,vTDPickVert.uv,vec3[1],MAT Picking／V,輸出 payload,待擴充,完整列入 payload 欄位；保留 TD 名稱，不當作普通場景來源。,M,https://derivative.ca/UserGuide/Write_a_GLSL_MAT
S182,08 Picking｜宿主互動資料，非一般 Sources,vTDPickVert.instanceId,,,vTDPickVert.instanceId,flat int,MAT Picking／V,輸出 payload,待擴充,完整列入 payload 欄位；保留 TD 名稱，不當作普通場景來源。,M,https://derivative.ca/UserGuide/Write_a_GLSL_MAT
S183,08 Picking｜宿主互動資料，非一般 Sources,vTDPickVert.color,,,vTDPickVert.color,vec4,MAT Picking／V,輸出 payload,待擴充,完整列入 payload 欄位；保留 TD 名稱，不當作普通場景來源。,M,https://derivative.ca/UserGuide/Write_a_GLSL_MAT
S184,08 Picking｜宿主互動資料，非一般 Sources,vTDCustomPickVert.<attribute>,,,vTDCustomPickVert.<attribute>,依 Render Pick 配置,MAT Picking,輸出 payload,待擴充,自訂 picking attribute 的 payload 家族，不是 Python 變數。,M,https://derivative.ca/UserGuide/Write_a_GLSL_MAT
S185,09 GLSL 原生系統值｜不是 TD 特有來源,gl_FragCoord,Fragment Coordinates,,gl_FragCoord,vec4,P,來源,原生規範；未做本輪宿主驗證,window coordinates；不可把完整 vec4 改稱 UV。,G,https://registry.khronos.org/OpenGL/specs/gl/GLSLangSpec.4.60.pdf
S186,09 GLSL 原生系統值｜不是 TD 特有來源,gl_FrontFacing,Front Facing,,gl_FrontFacing,bool,P,來源,原生規範；未做本輪宿主驗證,MAT 建議 TDFrontFacing 包裝；兩者不是無條件等價。,G,https://registry.khronos.org/OpenGL/specs/gl/GLSLangSpec.4.60.pdf
S187,09 GLSL 原生系統值｜不是 TD 特有來源,gl_PointCoord,Point Coordinates,,gl_PointCoord,vec2,P,來源,原生規範；未做本輪宿主驗證,MAT 優先 TDPointCoord 以保留方向修正。,G,https://registry.khronos.org/OpenGL/specs/gl/GLSLangSpec.4.60.pdf
S188,09 GLSL 原生系統值｜不是 TD 特有來源,gl_VertexID,Vertex Index,,gl_VertexID,int,V，GLSL OpenGL 語境,來源,原生規範；未做本輪宿主驗證,Vulkan 語境的 gl_VertexIndex 與 TD wrapper 須核對，不能互換名字後聲稱同義。,G,https://registry.khronos.org/OpenGL/specs/gl/GLSLangSpec.4.60.pdf
S189,09 GLSL 原生系統值｜不是 TD 特有來源,gl_VertexIndex,Vertex Index,,gl_VertexIndex,int,V，GLSL Vulkan 語境,來源,原生規範；未做本輪宿主驗證,與所選 TD backend／版本核對；不是新增支援承諾。,G,https://registry.khronos.org/OpenGL/specs/gl/GLSLangSpec.4.60.pdf
S190,09 GLSL 原生系統值｜不是 TD 特有來源,gl_InstanceID,,,gl_InstanceID,int,V，GLSL OpenGL 語境,來源,原生規範；未做本輪宿主驗證,TD 多相機 instancing 應用 TDInstanceID()。,G,https://registry.khronos.org/OpenGL/specs/gl/GLSLangSpec.4.60.pdf
S191,09 GLSL 原生系統值｜不是 TD 特有來源,gl_InstanceIndex,,,gl_InstanceIndex,int,V，GLSL Vulkan 語境,來源,原生規範；未做本輪宿主驗證,同樣不能繞過 TD 的 instance mapping。,G,https://registry.khronos.org/OpenGL/specs/gl/GLSLangSpec.4.60.pdf
S192,09 GLSL 原生系統值｜不是 TD 特有來源,gl_PrimitiveID,Primitive Index,,gl_PrimitiveID,int,G／P（依 pipeline）,來源,原生規範；未做本輪宿主驗證,primitive 編號，不是 point／vertex index。,G,https://registry.khronos.org/OpenGL/specs/gl/GLSLangSpec.4.60.pdf
S193,09 GLSL 原生系統值｜不是 TD 特有來源,gl_PrimitiveIDIn,Input Primitive Index,,gl_PrimitiveIDIn,int,G,來源,原生規範；未做本輪宿主驗證,geometry stage 的輸入 primitive ID。,G,https://registry.khronos.org/OpenGL/specs/gl/GLSLangSpec.4.60.pdf
S194,09 GLSL 原生系統值｜不是 TD 特有來源,gl_InvocationID,Invocation Index,,gl_InvocationID,int,G（及其他原生 stage）,來源,原生規範；未做本輪宿主驗證,執行索引；依 stage 定義。,G,https://registry.khronos.org/OpenGL/specs/gl/GLSLangSpec.4.60.pdf
S195,09 GLSL 原生系統值｜不是 TD 特有來源,gl_SampleID,Sample Index,,gl_SampleID,int,P／MSAA,來源,原生規範；未做本輪宿主驗證,使用可能改變 per-sample 執行方式，非免費 metadata。,G,https://registry.khronos.org/OpenGL/specs/gl/GLSLangSpec.4.60.pdf
S196,09 GLSL 原生系統值｜不是 TD 特有來源,gl_SamplePosition,Sample Position,,gl_SamplePosition,vec2,P／MSAA,來源,原生規範；未做本輪宿主驗證,像素內 sample 位置。,G,https://registry.khronos.org/OpenGL/specs/gl/GLSLangSpec.4.60.pdf
S197,09 GLSL 原生系統值｜不是 TD 特有來源,gl_SampleMaskIn,,,gl_SampleMaskIn,int[],P／MSAA,來源,原生規範；未做本輪宿主驗證,覆蓋樣本的 bit mask；保留原生名。,G,https://registry.khronos.org/OpenGL/specs/gl/GLSLangSpec.4.60.pdf
S198,09 GLSL 原生系統值｜不是 TD 特有來源,gl_HelperInvocation,,,gl_HelperInvocation,bool,P,來源,原生規範；未做本輪宿主驗證,helper invocation 狀態；不是一般可見像素值。,G,https://registry.khronos.org/OpenGL/specs/gl/GLSLangSpec.4.60.pdf
S199,09 GLSL 原生系統值｜不是 TD 特有來源,gl_NumWorkGroups,Workgroup Count,,gl_NumWorkGroups,uvec3,TOP C,來源,原生規範；未做本輪宿主驗證,dispatch 各軸群組數。,G,https://registry.khronos.org/OpenGL/specs/gl/GLSLangSpec.4.60.pdf
S200,09 GLSL 原生系統值｜不是 TD 特有來源,gl_WorkGroupSize,Workgroup Size,,gl_WorkGroupSize,uvec3 常數,TOP C,來源,原生規範；未做本輪宿主驗證,local size，不是 image resolution。,G,https://registry.khronos.org/OpenGL/specs/gl/GLSLangSpec.4.60.pdf
S201,09 GLSL 原生系統值｜不是 TD 特有來源,gl_WorkGroupID,Workgroup Index,,gl_WorkGroupID,uvec3,TOP C,來源,原生規範；未做本輪宿主驗證,群組座標。,G,https://registry.khronos.org/OpenGL/specs/gl/GLSLangSpec.4.60.pdf
S202,09 GLSL 原生系統值｜不是 TD 特有來源,gl_LocalInvocationID,Local Invocation Index,,gl_LocalInvocationID,uvec3,TOP C,來源,原生規範；未做本輪宿主驗證,群組內 3D index。,G,https://registry.khronos.org/OpenGL/specs/gl/GLSLangSpec.4.60.pdf
S203,09 GLSL 原生系統值｜不是 TD 特有來源,gl_GlobalInvocationID,Global Invocation Index,,gl_GlobalInvocationID,uvec3,TOP C,來源,原生規範；未做本輪宿主驗證,全域 invocation index，不自動等於有效 texture pixel。,G,https://registry.khronos.org/OpenGL/specs/gl/GLSLangSpec.4.60.pdf
S204,09 GLSL 原生系統值｜不是 TD 特有來源,gl_LocalInvocationIndex,Local Linear Index,,gl_LocalInvocationIndex,uint,TOP C,來源,原生規範；未做本輪宿主驗證,群組內一維 index。,G,https://registry.khronos.org/OpenGL/specs/gl/GLSLangSpec.4.60.pdf
S205,10 附表：運算與宿主函數｜不放入 Sources,TDAlphaTest(),,,TDAlphaTest(),void,MAT P,運算／宿主操作,調查項；非 Sources,宿主 alpha test；不把它列成來源。,M,https://derivative.ca/UserGuide/Write_a_GLSL_MAT
S206,10 附表：運算與宿主函數｜不放入 Sources,TDAttenuateLight(),,,TDAttenuateLight(),float,MAT P,運算／宿主操作,調查項；非 Sources,運算名稱候選；精確 overload、數值與座標約定沿用 TD 原生實作，不宣稱跨宿主結果一致。,M,https://derivative.ca/UserGuide/Write_a_GLSL_MAT
S207,10 附表：運算與宿主函數｜不放入 Sources,TDAverage(),Average,,TDAverage(),float,M／T；stage 依原生 overload,運算／宿主操作,調查項；非 Sources,運算名稱候選；精確 overload、數值與座標約定沿用 TD 原生實作，不宣稱跨宿主結果一致。,M T,https://derivative.ca/UserGuide/Write_a_GLSL_MAT ; https://derivative.ca/UserGuide/Write_a_GLSL_TOP
S208,10 附表：運算與宿主函數｜不放入 Sources,TDAxisAngleToQuaternion(),Axis-Angle to Quaternion,,TDAxisAngleToQuaternion(),vec4,M／T；stage 依原生 overload,運算／宿主操作,調查項；非 Sources,運算名稱候選；精確 overload、數值與座標約定沿用 TD 原生實作，不宣稱跨宿主結果一致。,M T,https://derivative.ca/UserGuide/Write_a_GLSL_MAT ; https://derivative.ca/UserGuide/Write_a_GLSL_TOP
S209,10 附表：運算與宿主函數｜不放入 Sources,TDBicubicInterpolation(),Bicubic Sample,,TDBicubicInterpolation(),vec4,M／T；stage 依原生 overload,運算／宿主操作,調查項；非 Sources,運算名稱候選；精確 overload、數值與座標約定沿用 TD 原生實作，不宣稱跨宿主結果一致。,M T,https://derivative.ca/UserGuide/Write_a_GLSL_MAT ; https://derivative.ca/UserGuide/Write_a_GLSL_TOP
S210,10 附表：運算與宿主函數｜不放入 Sources,TDCheckDiscard(),,,TDCheckDiscard(),void,MAT P,運算／宿主操作,調查項；非 Sources,宿主丟棄片段流程，void side effect。,M,https://derivative.ca/UserGuide/Write_a_GLSL_MAT
S211,10 附表：運算與宿主函數｜不放入 Sources,TDCreateRotMatrix(),From-To Rotation,,TDCreateRotMatrix(),mat3,M／T；stage 依原生 overload,運算／宿主操作,調查項；非 Sources,運算名稱候選；精確 overload、數值與座標約定沿用 TD 原生實作，不宣稱跨宿主結果一致。,M T,https://derivative.ca/UserGuide/Write_a_GLSL_MAT ; https://derivative.ca/UserGuide/Write_a_GLSL_TOP
S212,10 附表：運算與宿主函數｜不放入 Sources,TDCreateTBNMatrix(),Tangent Basis,,TDCreateTBNMatrix(),mat3,M／T；stage 依原生 overload,運算／宿主操作,調查項；非 Sources,運算名稱候選；精確 overload、數值與座標約定沿用 TD 原生實作，不宣稱跨宿主結果一致。,M T,https://derivative.ca/UserGuide/Write_a_GLSL_MAT ; https://derivative.ca/UserGuide/Write_a_GLSL_TOP
S213,10 附表：運算與宿主函數｜不放入 Sources,TDCubeMapToEquirectangular(),Direction to Equirectangular,,TDCubeMapToEquirectangular(),vec2,M／T；stage 依原生 overload,運算／宿主操作,調查項；非 Sources,運算名稱候選；精確 overload、數值與座標約定沿用 TD 原生實作，不宣稱跨宿主結果一致。,M T,https://derivative.ca/UserGuide/Write_a_GLSL_MAT ; https://derivative.ca/UserGuide/Write_a_GLSL_TOP
S214,10 附表：運算與宿主函數｜不放入 Sources,TDDeform(),Deform Position,,TDDeform(),vec3／vec4,MAT V；依 overload,運算／宿主操作,已有運算入口,依 geometry 的 skinning／instancing，輸出 world space。,M,https://derivative.ca/UserGuide/Write_a_GLSL_MAT
S215,10 附表：運算與宿主函數｜不放入 Sources,TDDeformNorm(),Deform Normal,,TDDeformNorm(),vec3,MAT V；依 overload,運算／宿主操作,調查項；非 Sources,運算名稱候選；精確 overload、數值與座標約定沿用 TD 原生實作，不宣稱跨宿主結果一致。,M,https://derivative.ca/UserGuide/Write_a_GLSL_MAT
S216,10 附表：運算與宿主函數｜不放入 Sources,TDDeformVec(),Deform Vector,,TDDeformVec(),vec3,MAT V；依 overload,運算／宿主操作,調查項；非 Sources,運算名稱候選；精確 overload、數值與座標約定沿用 TD 原生實作，不宣稱跨宿主結果一致。,M,https://derivative.ca/UserGuide/Write_a_GLSL_MAT
S217,10 附表：運算與宿主函數｜不放入 Sources,TDDither(),,,TDDither(),vec4,M／T；stage 依原生 overload,運算／宿主操作,調查項；非 Sources,MAT 依 Render TOP 設定；TOP 版本與適用條件另外驗證。,M T,https://derivative.ca/UserGuide/Write_a_GLSL_MAT ; https://derivative.ca/UserGuide/Write_a_GLSL_TOP
S218,10 附表：運算與宿主函數｜不放入 Sources,TDEnvLightingPBR(),,,TDEnvLightingPBR(),TDPBRResult,MAT P,運算／宿主操作,調查項；非 Sources,指南 signature 同時記載 return struct 與 inout；實作前應以目標 build 編譯核對。,M,https://derivative.ca/UserGuide/Write_a_GLSL_MAT
S219,10 附表：運算與宿主函數｜不放入 Sources,TDEquirectangularToCubeMap(),Equirectangular to Direction,,TDEquirectangularToCubeMap(),vec3,M／T；stage 依原生 overload,運算／宿主操作,調查項；非 Sources,運算名稱候選；精確 overload、數值與座標約定沿用 TD 原生實作，不宣稱跨宿主結果一致。,M T,https://derivative.ca/UserGuide/Write_a_GLSL_MAT ; https://derivative.ca/UserGuide/Write_a_GLSL_TOP
S220,10 附表：運算與宿主函數｜不放入 Sources,TDExtractRotation(),Extract Rotation,,TDExtractRotation(),mat3,M／T；stage 依原生 overload,運算／宿主操作,調查項；非 Sources,運算名稱候選；精確 overload、數值與座標約定沿用 TD 原生實作，不宣稱跨宿主結果一致。,M T,https://derivative.ca/UserGuide/Write_a_GLSL_MAT ; https://derivative.ca/UserGuide/Write_a_GLSL_TOP
S221,10 附表：運算與宿主函數｜不放入 Sources,TDFade(),,,TDFade(),float,M／T；stage 依原生 overload,運算／宿主操作,調查項；非 Sources,TD 噪聲 fade 多項式；不是一般可任意替換的 easing。,M T,https://derivative.ca/UserGuide/Write_a_GLSL_MAT ; https://derivative.ca/UserGuide/Write_a_GLSL_TOP
S222,10 附表：運算與宿主函數｜不放入 Sources,TDFadeDeriv(),,,TDFadeDeriv(),float,M／T；stage 依原生 overload,運算／宿主操作,調查項；非 Sources,TDFade 的解析導數；保留原生名。,M T,https://derivative.ca/UserGuide/Write_a_GLSL_MAT ; https://derivative.ca/UserGuide/Write_a_GLSL_TOP
S223,10 附表：運算與宿主函數｜不放入 Sources,TDFog(),,,TDFog(),vec4,MAT P,運算／宿主操作,調查項；非 Sources,讀取相機霧設定；不是單一 Fog source。,M,https://derivative.ca/UserGuide/Write_a_GLSL_MAT
S224,10 附表：運算與宿主函數｜不放入 Sources,TDFrontFacing(),Front Facing,,TDFrontFacing(),bool,MAT P,運算／宿主操作,調查項；非 Sources,需要 position、normal 的原生 wrapper，normal 應正規化且同空間。,M,https://derivative.ca/UserGuide/Write_a_GLSL_MAT
S225,10 附表：運算與宿主函數｜不放入 Sources,TDGamutRec2020ToRec709(),,,TDGamutRec2020ToRec709(),vec3,M／T；stage 依原生 overload,運算／宿主操作,調查項；非 Sources,色彩運算；曲線／色域與參考亮度保留在原生名稱，vec4 overload 的 alpha 行為不可省略。,M T,https://derivative.ca/UserGuide/Write_a_GLSL_MAT ; https://derivative.ca/UserGuide/Write_a_GLSL_TOP
S226,10 附表：運算與宿主函數｜不放入 Sources,TDGamutRec709ToRec2020(),,,TDGamutRec709ToRec2020(),vec3,M／T；stage 依原生 overload,運算／宿主操作,調查項；非 Sources,色彩運算；曲線／色域與參考亮度保留在原生名稱，vec4 overload 的 alpha 行為不可省略。,M T,https://derivative.ca/UserGuide/Write_a_GLSL_MAT ; https://derivative.ca/UserGuide/Write_a_GLSL_TOP
S227,10 附表：運算與宿主函數｜不放入 Sources,TDHSVToRGB(),HSV to RGB,,TDHSVToRGB(),vec3,M／T；stage 依原生 overload,運算／宿主操作,調查項；非 Sources,運算名稱候選；精確 overload、數值與座標約定沿用 TD 原生實作，不宣稱跨宿主結果一致。,M T,https://derivative.ca/UserGuide/Write_a_GLSL_MAT ; https://derivative.ca/UserGuide/Write_a_GLSL_TOP
S228,10 附表：運算與宿主函數｜不放入 Sources,TDHardShadow(),,,TDHardShadow(),float,MAT P,運算／宿主操作,調查項；非 Sources,運算名稱候選；精確 overload、數值與座標約定沿用 TD 原生實作，不宣稱跨宿主結果一致。,M,https://derivative.ca/UserGuide/Write_a_GLSL_MAT
S229,10 附表：運算與宿主函數｜不放入 Sources,TDImageStoreOutput(),Store Output Image,,TDImageStoreOutput(),void,TOP C,運算／宿主操作,調查項；非 Sources,TOP Compute 寫入 output image；TD 已處理 swizzle，勿重複套用。,T,https://derivative.ca/UserGuide/Write_a_GLSL_TOP
S230,10 附表：運算與宿主函數｜不放入 Sources,TDImageStore_Name(),Store Image,,TDImageStore_Name(),void,M；stage 依原生 overload,運算／宿主操作,調查項；非 Sources,MAT Render TOP image output 寫入；需有效 render context。,M,https://derivative.ca/UserGuide/Write_a_GLSL_MAT
S231,10 附表：運算與宿主函數｜不放入 Sources,TDInstanceColor(),Instance Color,,TDInstanceColor(),vec4,MAT V；依 overload,運算／宿主操作,調查項；非 Sources,運算名稱候選；精確 overload、數值與座標約定沿用 TD 原生實作，不宣稱跨宿主結果一致。,M,https://derivative.ca/UserGuide/Write_a_GLSL_MAT
S232,10 附表：運算與宿主函數｜不放入 Sources,TDInstanceDeform(),Instance Position,,TDInstanceDeform(),vec4,MAT V；依 overload,運算／宿主操作,調查項；非 Sources,運算名稱候選；精確 overload、數值與座標約定沿用 TD 原生實作，不宣稱跨宿主結果一致。,M,https://derivative.ca/UserGuide/Write_a_GLSL_MAT
S233,10 附表：運算與宿主函數｜不放入 Sources,TDInstanceDeformVec(),Instance Vector,,TDInstanceDeformVec(),vec3,MAT V；依 overload,運算／宿主操作,調查項；非 Sources,運算名稱候選；精確 overload、數值與座標約定沿用 TD 原生實作，不宣稱跨宿主結果一致。,M,https://derivative.ca/UserGuide/Write_a_GLSL_MAT
S234,10 附表：運算與宿主函數｜不放入 Sources,TDInstanceTexCoord(),Instance Texture Coordinates,,TDInstanceTexCoord(),vec3,MAT V；依 overload,運算／宿主操作,調查項；非 Sources,運算名稱候選；精確 overload、數值與座標約定沿用 TD 原生實作，不宣稱跨宿主結果一致。,M,https://derivative.ca/UserGuide/Write_a_GLSL_MAT
S235,10 附表：運算與宿主函數｜不放入 Sources,TDInstanceTexture(),,,TDInstanceTexture(),vec4,MAT V 隱式／V+G+P 顯式 index,運算／宿主操作,調查項；非 Sources,無 texture index 參數的版本僅 Vertex；顯式 texture index 版本可用於各 stage。這是取樣結果，不能當 sampler 引用。,M,https://derivative.ca/UserGuide/Write_a_GLSL_MAT
S236,10 附表：運算與宿主函數｜不放入 Sources,TDInterpolateTransformMatrices(),Transform Interpolation,,TDInterpolateTransformMatrices(),mat4,M／T；stage 依原生 overload,運算／宿主操作,調查項；非 Sources,運算名稱候選；精確 overload、數值與座標約定沿用 TD 原生實作，不宣稱跨宿主結果一致。,M T,https://derivative.ca/UserGuide/Write_a_GLSL_MAT ; https://derivative.ca/UserGuide/Write_a_GLSL_TOP
S237,10 附表：運算與宿主函數｜不放入 Sources,TDLighting(),,,TDLighting(),TDPhongResult,MAT P,運算／宿主操作,調查項；非 Sources,回傳 TDPhongResult；宿主燈光、陰影與投影計算。,M,https://derivative.ca/UserGuide/Write_a_GLSL_MAT
S238,10 附表：運算與宿主函數｜不放入 Sources,TDLightingPBR(),,,TDLightingPBR(),TDPBRResult,MAT P,運算／宿主操作,調查項；非 Sources,回傳 TDPBRResult；保留 TD 實作與結果布局。,M,https://derivative.ca/UserGuide/Write_a_GLSL_MAT
S239,10 附表：運算與宿主函數｜不放入 Sources,TDLoop(),Loop,,TDLoop(),float,M／T；stage 依原生 overload,運算／宿主操作,調查項；非 Sources,運算名稱候選；精確 overload、數值與座標約定沿用 TD 原生實作，不宣稱跨宿主結果一致。,M T,https://derivative.ca/UserGuide/Write_a_GLSL_MAT ; https://derivative.ca/UserGuide/Write_a_GLSL_TOP
S240,10 附表：運算與宿主函數｜不放入 Sources,TDLuminance(),Luminance,,TDLuminance(),float,M／T；stage 依原生 overload,運算／宿主操作,調查項；非 Sources,運算名稱候選；精確 overload、數值與座標約定沿用 TD 原生實作，不宣稱跨宿主結果一致。,M T,https://derivative.ca/UserGuide/Write_a_GLSL_MAT ; https://derivative.ca/UserGuide/Write_a_GLSL_TOP
S241,10 附表：運算與宿主函數｜不放入 Sources,TDOutputSwizzle(),,,TDOutputSwizzle(),vec4,M／T；stage 依原生 overload,運算／宿主操作,調查項；非 Sources,輸出格式適配，保留 TD 專名；不是一個 Sources 值。,M T,https://derivative.ca/UserGuide/Write_a_GLSL_MAT ; https://derivative.ca/UserGuide/Write_a_GLSL_TOP
S242,10 附表：運算與宿主函數｜不放入 Sources,TDPerlinNoise(),Perlin Noise,,TDPerlinNoise(),float,M／T；stage 依原生 overload,運算／宿主操作,已有運算入口,已有 TD helper 節點；共通別名不表示可替換成任意同類噪聲並保持畫面一致。,M T,https://derivative.ca/UserGuide/Write_a_GLSL_MAT ; https://derivative.ca/UserGuide/Write_a_GLSL_TOP
S243,10 附表：運算與宿主函數｜不放入 Sources,TDPerlinNoiseDeriv(),Perlin Gradient,,TDPerlinNoiseDeriv(),vec4,M／T；stage 依原生 overload,運算／宿主操作,調查項；非 Sources,運算名稱候選；精確 overload、數值與座標約定沿用 TD 原生實作，不宣稱跨宿主結果一致。,M T,https://derivative.ca/UserGuide/Write_a_GLSL_MAT ; https://derivative.ca/UserGuide/Write_a_GLSL_TOP
S244,10 附表：運算與宿主函數｜不放入 Sources,TDPickAdjust(),,,TDPickAdjust(),vec4,M；stage 依原生 overload,運算／宿主操作,調查項；非 Sources,TD picking 投影修正，保留原生名。,M,https://derivative.ca/UserGuide/Write_a_GLSL_MAT
S245,10 附表：運算與宿主函數｜不放入 Sources,TDPixelColor(),,,TDPixelColor(),vec4,MAT P,運算／宿主操作,調查項；非 Sources,可含 Geo Text glyph 處理，不能簡化為直通 Color。,M,https://derivative.ca/UserGuide/Write_a_GLSL_MAT
S246,10 附表：運算與宿主函數｜不放入 Sources,TDProjMap(),,,TDProjMap(),vec4,MAT P,運算／宿主操作,調查項；非 Sources,運算名稱候選；精確 overload、數值與座標約定沿用 TD 原生實作，不宣稱跨宿主結果一致。,M,https://derivative.ca/UserGuide/Write_a_GLSL_MAT
S247,10 附表：運算與宿主函數｜不放入 Sources,TDQuadReproject(),,,TDQuadReproject(),vec4,M；stage 依原生 overload,運算／宿主操作,調查項；非 Sources,TD 相機四點重投影，保留原生名。,M,https://derivative.ca/UserGuide/Write_a_GLSL_MAT
S248,10 附表：運算與宿主函數｜不放入 Sources,TDQuaternionFromTo(),From-To Quaternion,,TDQuaternionFromTo(),vec4,M／T；stage 依原生 overload,運算／宿主操作,調查項；非 Sources,運算名稱候選；精確 overload、數值與座標約定沿用 TD 原生實作，不宣稱跨宿主結果一致。,M T,https://derivative.ca/UserGuide/Write_a_GLSL_MAT ; https://derivative.ca/UserGuide/Write_a_GLSL_TOP
S249,10 附表：運算與宿主函數｜不放入 Sources,TDQuaternionMultiply(),Quaternion Multiply,,TDQuaternionMultiply(),vec4,M／T；stage 依原生 overload,運算／宿主操作,調查項；非 Sources,運算名稱候選；精確 overload、數值與座標約定沿用 TD 原生實作，不宣稱跨宿主結果一致。,M T,https://derivative.ca/UserGuide/Write_a_GLSL_MAT ; https://derivative.ca/UserGuide/Write_a_GLSL_TOP
S250,10 附表：運算與宿主函數｜不放入 Sources,TDQuaternionToRotMatrix(),Quaternion to Matrix,,TDQuaternionToRotMatrix(),mat3,M／T；stage 依原生 overload,運算／宿主操作,調查項；非 Sources,運算名稱候選；精確 overload、數值與座標約定沿用 TD 原生實作，不宣稱跨宿主結果一致。,M T,https://derivative.ca/UserGuide/Write_a_GLSL_MAT ; https://derivative.ca/UserGuide/Write_a_GLSL_TOP
S251,10 附表：運算與宿主函數｜不放入 Sources,TDRGBToHSV(),RGB to HSV,,TDRGBToHSV(),vec3,M／T；stage 依原生 overload,運算／宿主操作,調查項；非 Sources,運算名稱候選；精確 overload、數值與座標約定沿用 TD 原生實作，不宣稱跨宿主結果一致。,M T,https://derivative.ca/UserGuide/Write_a_GLSL_MAT ; https://derivative.ca/UserGuide/Write_a_GLSL_TOP
S252,10 附表：運算與宿主函數｜不放入 Sources,TDRemap(),Remap,,TDRemap(),float／vec2／vec3／vec4,M／T；stage 依原生 overload,運算／宿主操作,調查項；非 Sources,運算名稱候選；精確 overload、數值與座標約定沿用 TD 原生實作，不宣稱跨宿主結果一致。,M T,https://derivative.ca/UserGuide/Write_a_GLSL_MAT ; https://derivative.ca/UserGuide/Write_a_GLSL_TOP
S253,10 附表：運算與宿主函數｜不放入 Sources,TDRotMatrixToQuaternion(),Matrix to Quaternion,,TDRotMatrixToQuaternion(),vec4,M／T；stage 依原生 overload,運算／宿主操作,調查項；非 Sources,運算名稱候選；精確 overload、數值與座標約定沿用 TD 原生實作，不宣稱跨宿主結果一致。,M T,https://derivative.ca/UserGuide/Write_a_GLSL_MAT ; https://derivative.ca/UserGuide/Write_a_GLSL_TOP
S254,10 附表：運算與宿主函數｜不放入 Sources,TDRotateFromQuaternion(),Quaternion Rotate,,TDRotateFromQuaternion(),vec3,M／T；stage 依原生 overload,運算／宿主操作,調查項；非 Sources,運算名稱候選；精確 overload、數值與座標約定沿用 TD 原生實作，不宣稱跨宿主結果一致。,M T,https://derivative.ca/UserGuide/Write_a_GLSL_MAT ; https://derivative.ca/UserGuide/Write_a_GLSL_TOP
S255,10 附表：運算與宿主函數｜不放入 Sources,TDRotateOnAxis(),Axis Rotation,,TDRotateOnAxis(),mat3,M／T；stage 依原生 overload,運算／宿主操作,調查項；非 Sources,運算名稱候選；精確 overload、數值與座標約定沿用 TD 原生實作，不宣稱跨宿主結果一致。,M T,https://derivative.ca/UserGuide/Write_a_GLSL_MAT ; https://derivative.ca/UserGuide/Write_a_GLSL_TOP
S256,10 附表：運算與宿主函數｜不放入 Sources,TDRotateToVector(),Look Rotation,,TDRotateToVector(),mat3,M／T；stage 依原生 overload,運算／宿主操作,調查項；非 Sources,運算名稱候選；精確 overload、數值與座標約定沿用 TD 原生實作，不宣稱跨宿主結果一致。,M T,https://derivative.ca/UserGuide/Write_a_GLSL_MAT ; https://derivative.ca/UserGuide/Write_a_GLSL_TOP
S257,10 附表：運算與宿主函數｜不放入 Sources,TDRotateX(),Rotate X,,TDRotateX(),mat3,M／T；stage 依原生 overload,運算／宿主操作,調查項；非 Sources,運算名稱候選；精確 overload、數值與座標約定沿用 TD 原生實作，不宣稱跨宿主結果一致。,M T,https://derivative.ca/UserGuide/Write_a_GLSL_MAT ; https://derivative.ca/UserGuide/Write_a_GLSL_TOP
S258,10 附表：運算與宿主函數｜不放入 Sources,TDRotateY(),Rotate Y,,TDRotateY(),mat3,M／T；stage 依原生 overload,運算／宿主操作,調查項；非 Sources,運算名稱候選；精確 overload、數值與座標約定沿用 TD 原生實作，不宣稱跨宿主結果一致。,M T,https://derivative.ca/UserGuide/Write_a_GLSL_MAT ; https://derivative.ca/UserGuide/Write_a_GLSL_TOP
S259,10 附表：運算與宿主函數｜不放入 Sources,TDRotateZ(),Rotate Z,,TDRotateZ(),mat3,M／T；stage 依原生 overload,運算／宿主操作,調查項；非 Sources,運算名稱候選；精確 overload、數值與座標約定沿用 TD 原生實作，不宣稱跨宿主結果一致。,M T,https://derivative.ca/UserGuide/Write_a_GLSL_MAT ; https://derivative.ca/UserGuide/Write_a_GLSL_TOP
S260,10 附表：運算與宿主函數｜不放入 Sources,TDScale(),Scale Matrix,,TDScale(),mat3,M／T；stage 依原生 overload,運算／宿主操作,調查項；非 Sources,運算名稱候選；精確 overload、數值與座標約定沿用 TD 原生實作，不宣稱跨宿主結果一致。,M T,https://derivative.ca/UserGuide/Write_a_GLSL_MAT ; https://derivative.ca/UserGuide/Write_a_GLSL_TOP
S261,10 附表：運算與宿主函數｜不放入 Sources,TDSimplexNoise(),Simplex Noise,,TDSimplexNoise(),float,M／T；stage 依原生 overload,運算／宿主操作,已有運算入口,已有 TD helper 節點；共通別名不表示可替換成任意同類噪聲並保持畫面一致。,M T,https://derivative.ca/UserGuide/Write_a_GLSL_MAT ; https://derivative.ca/UserGuide/Write_a_GLSL_TOP
S262,10 附表：運算與宿主函數｜不放入 Sources,TDSimplexNoiseDeriv(),Simplex Gradient,,TDSimplexNoiseDeriv(),vec4,M／T；stage 依原生 overload,運算／宿主操作,調查項；非 Sources,運算名稱候選；精確 overload、數值與座標約定沿用 TD 原生實作，不宣稱跨宿主結果一致。,M T,https://derivative.ca/UserGuide/Write_a_GLSL_MAT ; https://derivative.ca/UserGuide/Write_a_GLSL_TOP
S263,10 附表：運算與宿主函數｜不放入 Sources,TDSineLookup(),,,TDSineLookup(),float,M／T；stage 依原生 overload,運算／宿主操作,調查項；非 Sources,TD lookup 行為，不將名稱簡化成 sin。,M T,https://derivative.ca/UserGuide/Write_a_GLSL_MAT ; https://derivative.ca/UserGuide/Write_a_GLSL_TOP
S264,10 附表：運算與宿主函數｜不放入 Sources,TDSkinnedDeform(),Skin Position,,TDSkinnedDeform(),vec4,MAT V；依 overload,運算／宿主操作,調查項；非 Sources,運算名稱候選；精確 overload、數值與座標約定沿用 TD 原生實作，不宣稱跨宿主結果一致。,M,https://derivative.ca/UserGuide/Write_a_GLSL_MAT
S265,10 附表：運算與宿主函數｜不放入 Sources,TDSkinnedDeformVec(),Skin Vector,,TDSkinnedDeformVec(),vec3,MAT V；依 overload,運算／宿主操作,調查項；非 Sources,運算名稱候選；精確 overload、數值與座標約定沿用 TD 原生實作，不宣稱跨宿主結果一致。,M,https://derivative.ca/UserGuide/Write_a_GLSL_MAT
S266,10 附表：運算與宿主函數｜不放入 Sources,TDSlerpQuaternions(),Quaternion Slerp,,TDSlerpQuaternions(),vec4,M／T；stage 依原生 overload,運算／宿主操作,調查項；非 Sources,運算名稱候選；精確 overload、數值與座標約定沿用 TD 原生實作，不宣稱跨宿主結果一致。,M T,https://derivative.ca/UserGuide/Write_a_GLSL_MAT ; https://derivative.ca/UserGuide/Write_a_GLSL_TOP
S267,10 附表：運算與宿主函數｜不放入 Sources,TDSlerpRotationMatrices(),Rotation Slerp,,TDSlerpRotationMatrices(),mat3,M／T；stage 依原生 overload,運算／宿主操作,調查項；非 Sources,運算名稱候選；精確 overload、數值與座標約定沿用 TD 原生實作，不宣稱跨宿主結果一致。,M T,https://derivative.ca/UserGuide/Write_a_GLSL_MAT ; https://derivative.ca/UserGuide/Write_a_GLSL_TOP
S268,10 附表：運算與宿主函數｜不放入 Sources,TDSoftShadow(),,,TDSoftShadow(),float,MAT P,運算／宿主操作,調查項；非 Sources,運算名稱候選；精確 overload、數值與座標約定沿用 TD 原生實作，不宣稱跨宿主結果一致。,M,https://derivative.ca/UserGuide/Write_a_GLSL_MAT
S269,10 附表：運算與宿主函數｜不放入 Sources,TDTexGenSphere(),Sphere Map Coordinates,,TDTexGenSphere(),vec2,M／T；stage 依原生 overload,運算／宿主操作,調查項；非 Sources,運算名稱候選；精確 overload、數值與座標約定沿用 TD 原生實作，不宣稱跨宿主結果一致。,M T,https://derivative.ca/UserGuide/Write_a_GLSL_MAT ; https://derivative.ca/UserGuide/Write_a_GLSL_TOP
S270,10 附表：運算與宿主函數｜不放入 Sources,TDTransferACESproxyToLinear(),,,TDTransferACESproxyToLinear(),vec3,M／T；stage 依原生 overload,運算／宿主操作,調查項；非 Sources,色彩運算；曲線／色域與參考亮度保留在原生名稱，vec4 overload 的 alpha 行為不可省略。,M T,https://derivative.ca/UserGuide/Write_a_GLSL_MAT ; https://derivative.ca/UserGuide/Write_a_GLSL_TOP
S271,10 附表：運算與宿主函數｜不放入 Sources,TDTransferBT2100HLGToLinear(),,,TDTransferBT2100HLGToLinear(),vec3,M／T；stage 依原生 overload,運算／宿主操作,調查項；非 Sources,色彩運算；曲線／色域與參考亮度保留在原生名稱，vec4 overload 的 alpha 行為不可省略。,M T,https://derivative.ca/UserGuide/Write_a_GLSL_MAT ; https://derivative.ca/UserGuide/Write_a_GLSL_TOP
S272,10 附表：運算與宿主函數｜不放入 Sources,TDTransferGamma1_8ToLinear(),,,TDTransferGamma1_8ToLinear(),vec3,M／T；stage 依原生 overload,運算／宿主操作,調查項；非 Sources,色彩運算；曲線／色域與參考亮度保留在原生名稱，vec4 overload 的 alpha 行為不可省略。,M T,https://derivative.ca/UserGuide/Write_a_GLSL_MAT ; https://derivative.ca/UserGuide/Write_a_GLSL_TOP
S273,10 附表：運算與宿主函數｜不放入 Sources,TDTransferGamma2_2ToLinear(),,,TDTransferGamma2_2ToLinear(),vec3,M／T；stage 依原生 overload,運算／宿主操作,調查項；非 Sources,色彩運算；曲線／色域與參考亮度保留在原生名稱，vec4 overload 的 alpha 行為不可省略。,M T,https://derivative.ca/UserGuide/Write_a_GLSL_MAT ; https://derivative.ca/UserGuide/Write_a_GLSL_TOP
S274,10 附表：運算與宿主函數｜不放入 Sources,TDTransferGamma2_4ToLinear(),,,TDTransferGamma2_4ToLinear(),vec3,M／T；stage 依原生 overload,運算／宿主操作,調查項；非 Sources,色彩運算；曲線／色域與參考亮度保留在原生名稱，vec4 overload 的 alpha 行為不可省略。,M T,https://derivative.ca/UserGuide/Write_a_GLSL_MAT ; https://derivative.ca/UserGuide/Write_a_GLSL_TOP
S275,10 附表：運算與宿主函數｜不放入 Sources,TDTransferGamma2_6ToLinear(),,,TDTransferGamma2_6ToLinear(),vec3,M／T；stage 依原生 overload,運算／宿主操作,調查項；非 Sources,色彩運算；曲線／色域與參考亮度保留在原生名稱，vec4 overload 的 alpha 行為不可省略。,M T,https://derivative.ca/UserGuide/Write_a_GLSL_MAT ; https://derivative.ca/UserGuide/Write_a_GLSL_TOP
S276,10 附表：運算與宿主函數｜不放入 Sources,TDTransferGamma2_8ToLinear(),,,TDTransferGamma2_8ToLinear(),vec3,M／T；stage 依原生 overload,運算／宿主操作,調查項；非 Sources,色彩運算；曲線／色域與參考亮度保留在原生名稱，vec4 overload 的 alpha 行為不可省略。,M T,https://derivative.ca/UserGuide/Write_a_GLSL_MAT ; https://derivative.ca/UserGuide/Write_a_GLSL_TOP
S277,10 附表：運算與宿主函數｜不放入 Sources,TDTransferLinearToACESproxy(),,,TDTransferLinearToACESproxy(),vec3,M／T；stage 依原生 overload,運算／宿主操作,調查項；非 Sources,色彩運算；曲線／色域與參考亮度保留在原生名稱，vec4 overload 的 alpha 行為不可省略。,M T,https://derivative.ca/UserGuide/Write_a_GLSL_MAT ; https://derivative.ca/UserGuide/Write_a_GLSL_TOP
S278,10 附表：運算與宿主函數｜不放入 Sources,TDTransferLinearToBT2100HLG(),,,TDTransferLinearToBT2100HLG(),vec3,M／T；stage 依原生 overload,運算／宿主操作,調查項；非 Sources,色彩運算；曲線／色域與參考亮度保留在原生名稱，vec4 overload 的 alpha 行為不可省略。,M T,https://derivative.ca/UserGuide/Write_a_GLSL_MAT ; https://derivative.ca/UserGuide/Write_a_GLSL_TOP
S279,10 附表：運算與宿主函數｜不放入 Sources,TDTransferLinearToGamma1_8(),,,TDTransferLinearToGamma1_8(),vec3,M／T；stage 依原生 overload,運算／宿主操作,調查項；非 Sources,色彩運算；曲線／色域與參考亮度保留在原生名稱，vec4 overload 的 alpha 行為不可省略。,M T,https://derivative.ca/UserGuide/Write_a_GLSL_MAT ; https://derivative.ca/UserGuide/Write_a_GLSL_TOP
S280,10 附表：運算與宿主函數｜不放入 Sources,TDTransferLinearToGamma2_2(),,,TDTransferLinearToGamma2_2(),vec3,M／T；stage 依原生 overload,運算／宿主操作,調查項；非 Sources,色彩運算；曲線／色域與參考亮度保留在原生名稱，vec4 overload 的 alpha 行為不可省略。,M T,https://derivative.ca/UserGuide/Write_a_GLSL_MAT ; https://derivative.ca/UserGuide/Write_a_GLSL_TOP
S281,10 附表：運算與宿主函數｜不放入 Sources,TDTransferLinearToGamma2_4(),,,TDTransferLinearToGamma2_4(),vec3,M／T；stage 依原生 overload,運算／宿主操作,調查項；非 Sources,色彩運算；曲線／色域與參考亮度保留在原生名稱，vec4 overload 的 alpha 行為不可省略。,M T,https://derivative.ca/UserGuide/Write_a_GLSL_MAT ; https://derivative.ca/UserGuide/Write_a_GLSL_TOP
S282,10 附表：運算與宿主函數｜不放入 Sources,TDTransferLinearToGamma2_6(),,,TDTransferLinearToGamma2_6(),vec3,M／T；stage 依原生 overload,運算／宿主操作,調查項；非 Sources,色彩運算；曲線／色域與參考亮度保留在原生名稱，vec4 overload 的 alpha 行為不可省略。,M T,https://derivative.ca/UserGuide/Write_a_GLSL_MAT ; https://derivative.ca/UserGuide/Write_a_GLSL_TOP
S283,10 附表：運算與宿主函數｜不放入 Sources,TDTransferLinearToGamma2_8(),,,TDTransferLinearToGamma2_8(),vec3,M／T；stage 依原生 overload,運算／宿主操作,調查項；非 Sources,色彩運算；曲線／色域與參考亮度保留在原生名稱，vec4 overload 的 alpha 行為不可省略。,M T,https://derivative.ca/UserGuide/Write_a_GLSL_MAT ; https://derivative.ca/UserGuide/Write_a_GLSL_TOP
S284,10 附表：運算與宿主函數｜不放入 Sources,TDTransferLinearToRec709(),,,TDTransferLinearToRec709(),vec3,M／T；stage 依原生 overload,運算／宿主操作,調查項；非 Sources,色彩運算；曲線／色域與參考亮度保留在原生名稱，vec4 overload 的 alpha 行為不可省略。,M T,https://derivative.ca/UserGuide/Write_a_GLSL_MAT ; https://derivative.ca/UserGuide/Write_a_GLSL_TOP
S285,10 附表：運算與宿主函數｜不放入 Sources,TDTransferLinearToSRGB(),,,TDTransferLinearToSRGB(),vec3／vec4,M／T；stage 依原生 overload,運算／宿主操作,調查項；非 Sources,色彩運算；曲線／色域與參考亮度保留在原生名稱，vec4 overload 的 alpha 行為不可省略。,M T,https://derivative.ca/UserGuide/Write_a_GLSL_MAT ; https://derivative.ca/UserGuide/Write_a_GLSL_TOP
S286,10 附表：運算與宿主函數｜不放入 Sources,TDTransferLinearToST2084PQ(),,,TDTransferLinearToST2084PQ(),vec3,M／T；stage 依原生 overload,運算／宿主操作,調查項；非 Sources,色彩運算；曲線／色域與參考亮度保留在原生名稱，vec4 overload 的 alpha 行為不可省略。,M T,https://derivative.ca/UserGuide/Write_a_GLSL_MAT ; https://derivative.ca/UserGuide/Write_a_GLSL_TOP
S287,10 附表：運算與宿主函數｜不放入 Sources,TDTransferRec709ToLinear(),,,TDTransferRec709ToLinear(),vec3,M／T；stage 依原生 overload,運算／宿主操作,調查項；非 Sources,色彩運算；曲線／色域與參考亮度保留在原生名稱，vec4 overload 的 alpha 行為不可省略。,M T,https://derivative.ca/UserGuide/Write_a_GLSL_MAT ; https://derivative.ca/UserGuide/Write_a_GLSL_TOP
S288,10 附表：運算與宿主函數｜不放入 Sources,TDTransferSRGBToLinear(),,,TDTransferSRGBToLinear(),vec3／vec4,M／T；stage 依原生 overload,運算／宿主操作,調查項；非 Sources,色彩運算；曲線／色域與參考亮度保留在原生名稱，vec4 overload 的 alpha 行為不可省略。,M T,https://derivative.ca/UserGuide/Write_a_GLSL_MAT ; https://derivative.ca/UserGuide/Write_a_GLSL_TOP
S289,10 附表：運算與宿主函數｜不放入 Sources,TDTransferST2084PQToLinear(),,,TDTransferST2084PQToLinear(),vec3,M／T；stage 依原生 overload,運算／宿主操作,調查項；非 Sources,色彩運算；曲線／色域與參考亮度保留在原生名稱，vec4 overload 的 alpha 行為不可省略。,M T,https://derivative.ca/UserGuide/Write_a_GLSL_MAT ; https://derivative.ca/UserGuide/Write_a_GLSL_TOP
S290,10 附表：運算與宿主函數｜不放入 Sources,TDTranslate(),Translation Matrix,,TDTranslate(),mat4,M／T；stage 依原生 overload,運算／宿主操作,調查項；非 Sources,運算名稱候選；精確 overload、數值與座標約定沿用 TD 原生實作，不宣稱跨宿主結果一致。,M T,https://derivative.ca/UserGuide/Write_a_GLSL_MAT ; https://derivative.ca/UserGuide/Write_a_GLSL_TOP
S291,10 附表：運算與宿主函數｜不放入 Sources,TDTricubicInterpolation(),Tricubic Sample,,TDTricubicInterpolation(),vec4,M／T；stage 依原生 overload,運算／宿主操作,調查項；非 Sources,運算名稱候選；精確 overload、數值與座標約定沿用 TD 原生實作，不宣稱跨宿主結果一致。,M T,https://derivative.ca/UserGuide/Write_a_GLSL_MAT ; https://derivative.ca/UserGuide/Write_a_GLSL_TOP
S292,10 附表：運算與宿主函數｜不放入 Sources,TDTriplanarBlend(),Triplanar Blend,,TDTriplanarBlend(),vec4,M／T；stage 依原生 overload,運算／宿主操作,調查項；非 Sources,運算名稱候選；精確 overload、數值與座標約定沿用 TD 原生實作，不宣稱跨宿主結果一致。,M T,https://derivative.ca/UserGuide/Write_a_GLSL_MAT ; https://derivative.ca/UserGuide/Write_a_GLSL_TOP
S293,10 附表：運算與宿主函數｜不放入 Sources,TDWorldToProj(),World to Projection,,TDWorldToProj(),vec4,MAT V／G；G 需 camera index,運算／宿主操作,已有運算入口,包括 TD 投影、picking、unwrap 等宿主處理；不是單純矩陣相乘的別名。,M,https://derivative.ca/UserGuide/Write_a_GLSL_MAT
S294,10 附表：運算與宿主函數｜不放入 Sources,TDWritePickingValues(),,,TDWritePickingValues(),void,M；stage 依原生 overload,運算／宿主操作,調查項；非 Sources,初始化／寫入 picking payload。,M,https://derivative.ca/UserGuide/Write_a_GLSL_MAT
S295,10 附表：運算與宿主函數｜不放入 Sources,TDZigZag(),Ping-Pong,,TDZigZag(),float,M／T；stage 依原生 overload,運算／宿主操作,調查項；非 Sources,運算名稱候選；精確 overload、數值與座標約定沿用 TD 原生實作，不宣稱跨宿主結果一致。,M T,https://derivative.ca/UserGuide/Write_a_GLSL_MAT ; https://derivative.ca/UserGuide/Write_a_GLSL_TOP
S296,10 附表：運算與宿主函數｜不放入 Sources,TDCheckOrderIndTrans(),,,TDCheckOrderIndTrans(),void,MAT P,運算／宿主操作,待擴充,指南的 OIT 相容入口；與 TDCheckDiscard 的現行關係需版本驗證。,M,https://derivative.ca/UserGuide/Write_a_GLSL_MAT
S297,10 附表：運算與宿主函數｜不放入 Sources,TDPBRResult.diffuse,,,<result>.diffuse,vec3,MAT lighting 結果,運算結果欄位,待擴充,函數回傳結構欄位；沒有同名自動 Uniform／來源實體。,M,https://derivative.ca/UserGuide/Write_a_GLSL_MAT
S298,10 附表：運算與宿主函數｜不放入 Sources,TDPBRResult.specular,,,<result>.specular,vec3,MAT lighting 結果,運算結果欄位,待擴充,函數回傳結構欄位；沒有同名自動 Uniform／來源實體。,M,https://derivative.ca/UserGuide/Write_a_GLSL_MAT
S299,10 附表：運算與宿主函數｜不放入 Sources,TDPBRResult.shadowStrength,,,<result>.shadowStrength,float,MAT lighting 結果,運算結果欄位,待擴充,函數回傳結構欄位；沒有同名自動 Uniform／來源實體。,M,https://derivative.ca/UserGuide/Write_a_GLSL_MAT
S300,10 附表：運算與宿主函數｜不放入 Sources,TDPhongResult.diffuse,,,<result>.diffuse,vec3,MAT lighting 結果,運算結果欄位,待擴充,函數回傳結構欄位；沒有同名自動 Uniform／來源實體。,M,https://derivative.ca/UserGuide/Write_a_GLSL_MAT
S301,10 附表：運算與宿主函數｜不放入 Sources,TDPhongResult.specular,,,<result>.specular,vec3,MAT lighting 結果,運算結果欄位,待擴充,函數回傳結構欄位；沒有同名自動 Uniform／來源實體。,M,https://derivative.ca/UserGuide/Write_a_GLSL_MAT
S302,10 附表：運算與宿主函數｜不放入 Sources,TDPhongResult.specular2,,,<result>.specular2,vec3,MAT lighting 結果,運算結果欄位,待擴充,函數回傳結構欄位；沒有同名自動 Uniform／來源實體。,M,https://derivative.ca/UserGuide/Write_a_GLSL_MAT
S303,10 附表：運算與宿主函數｜不放入 Sources,TDPhongResult.shadowStrength,,,<result>.shadowStrength,float,MAT lighting 結果,運算結果欄位,待擴充,函數回傳結構欄位；沒有同名自動 Uniform／來源實體。,M,https://derivative.ca/UserGuide/Write_a_GLSL_MAT
S304,11 歷史、輸出與文件疑點｜避免誤列成現行來源,sTDComputeOutputs[],,,,歷史 image array,依歷史與版本,非新來源,不作新入口,2025.30000 前的路徑；現行應用 TDImageLoadOutput／TDImageStoreOutput。指南尾段仍殘留舊描述。,T,https://derivative.ca/UserGuide/Write_a_GLSL_TOP
S305,11 歷史、輸出與文件疑點｜避免誤列成現行來源,uTDMat,,,,歷史矩陣結構,依歷史與版本,非新來源,不作新入口,舊 world/camera lighting 路徑；新入口使用 uTDMats[c]。,M,https://derivative.ca/UserGuide/Write_a_GLSL_MAT
S306,11 歷史、輸出與文件疑點｜避免誤列成現行來源,uTDInstanceIDOffset,,,,歷史／底層資訊,依歷史與版本,非新來源,不作新入口,不自行以 gl_InstanceID 加 offset 取代 TDInstanceID()。,M,https://derivative.ca/UserGuide/Write_a_GLSL_MAT
S307,11 歷史、輸出與文件疑點｜避免誤列成現行來源,P／N／uv／Cd,,,,歷史直接幾何屬性,依歷史與版本,非新來源,不作新入口,MAT 優先 TDPos／TDNormal／TDTexCoord／TDPointColor；TOP 自訂 vertex 範例仍有 P、uv，要另做版本驗證。,T M,https://derivative.ca/UserGuide/Write_a_GLSL_TOP ; https://derivative.ca/UserGuide/Write_a_GLSL_MAT
S308,11 歷史、輸出與文件疑點｜避免誤列成現行來源,TDSOPToProj(),,,,TOP vertex 範例函數,依歷史與版本,非新來源,不作新入口,僅記錄指南範例，2025 可用性與 TDWorldToProj 關係待核對，不直接上架。,T,https://derivative.ca/UserGuide/Write_a_GLSL_TOP
S309,11 歷史、輸出與文件疑點｜避免誤列成現行來源,fragColor／gl_Position／gl_PointSize／gl_FragDepth,,,,Shader 輸出,依歷史與版本,非新來源,不作新入口,是使用者輸出或 GLSL 輸出內建值，不是 read-only Sources。,T M G,https://derivative.ca/UserGuide/Write_a_GLSL_TOP ; https://derivative.ca/UserGuide/Write_a_GLSL_MAT ; https://registry.khronos.org/OpenGL/specs/gl/GLSLangSpec.4.60.pdf
S310,11 歷史、輸出與文件疑點｜避免誤列成現行來源,uTDOutputINfo,,,,文件拼字,依歷史與版本,非新來源,不作新入口,正確符號依宣告為 uTDOutputInfo；不建立第二個來源。,T,https://derivative.ca/UserGuide/Write_a_GLSL_TOP
S311,11 歷史、輸出與文件疑點｜避免誤列成現行來源,TDAttenutateLight,,,,文件拼字,依歷史與版本,非新來源,不作新入口,正確函數為 TDAttenuateLight；不建立第二個函數。,M,https://derivative.ca/UserGuide/Write_a_GLSL_MAT
